date,title,source,url
2018-09-24T13:00:23Z,Microsoft’s machine learning tools for developers get smarter,techcrunch,http://techcrunch.com/2018/09/24/microsofts-machine-learning-tools-for-developers-get-smarter/
2018-09-07T23:01:12Z,DARPA announces $2B investment in AI,techcrunch,http://techcrunch.com/2018/09/07/darpa-announces-2b-investment-in-ai/
2018-09-20T14:10:15Z,AI could help push Neo4j graph database growth,techcrunch,http://techcrunch.com/2018/09/20/ai-could-help-push-neo4j-graph-database-growth/
2018-09-07T01:11:18Z,Kinta AI uses artificial intelligence to make factories more efficient,techcrunch,http://techcrunch.com/2018/09/06/kinta-ai-startup-battlefield/
2018-09-13T17:29:59Z,Facebook unveils “SapFix” AI auto-debugger and AI chip partners like Intel,techcrunch,http://techcrunch.com/2018/09/13/facebook-sapfix-debugger/
2018-09-11T20:30:40Z,Safe artificial intelligence requires cultural intelligence,techcrunch,http://techcrunch.com/2018/09/11/safe-artificial-intelligence-requires-cultural-intelligence/
2018-09-06T17:47:41Z,PagerDuty raises $90M to wake up more engineers in the middle of the night,techcrunch,http://techcrunch.com/2018/09/06/pagerduty-raises-90m-to-wake-up-more-engineers-in-the-middle-of-the-night/
2018-09-28T21:06:26Z,5 takeaways on the state of AI from Disrupt SF,techcrunch,http://techcrunch.com/2018/09/28/5-takeaways-on-the-state-of-ai-from-disrupt-sf/
2018-09-13T17:09:11Z,US lawmakers warn spy chief that ‘deep fakes’ are a national security threat,techcrunch,http://techcrunch.com/2018/09/13/us-lawmakers-warn-spy-chief-that-deep-fakes-are-a-national-security-threat/
2018-09-10T14:01:10Z,Atrium raises $65M from A16z to replace lawyers with machine learning,techcrunch,http://techcrunch.com/2018/09/10/atrium-legal/
2018-09-27T15:22:18Z,Meet the startups that pitched at EF’s 10th Demo Day in London,techcrunch,http://techcrunch.com/2018/09/27/24-rounds-of-pitchlash/
2018-09-05T20:58:16Z,Lockheed Martin teams up with drone racers to add AI,techcrunch,http://techcrunch.com/2018/09/05/lockheed-martin-teams-up-with-drone-racers-to-add-ai/
2018-09-10T13:28:35Z,Adobe looks to AI to lift customer experience business,techcrunch,http://techcrunch.com/2018/09/10/adobe-looks-to-ai-to-lift-customer-experience-business/
2018-09-10T22:54:08Z,SETI neural networks spot dozens of new mysterious signals emanating from distant galaxy,techcrunch,http://techcrunch.com/2018/09/10/seti-neural-networks-spot-dozens-of-new-mysterious-signals-emanating-from-distant-galaxy/
2018-09-18T19:00:09Z,Microsoft launches new AI applications for customer service and sales,techcrunch,http://techcrunch.com/2018/09/18/microsoft-launches-new-ai-applications-for-customer-service-and-sales/
2018-09-18T13:00:15Z,"Indigo raises $250M, launches marketplace to help farmers get paid for quality grain",techcrunch,http://techcrunch.com/2018/09/18/indigo-raises-250m-launches-marketplace-to-help-farmers-get-paid-for-quality-grain/
2018-09-27T16:00:03Z,Dropbox overhauls internal search to improve speed and accuracy,techcrunch,http://techcrunch.com/2018/09/27/dropbox-overhauls-internal-search-to-make-it-easier-to-pinpoint-content/
2018-09-18T13:00:06Z,Mabl announces $20 million Series B to bring automated QA to enterprise customers,techcrunch,http://techcrunch.com/2018/09/18/mabl-announces-20-million-series-b-to-bring-automated-qa-to-enterprise-customers/
2018-09-24T19:20:43Z,Here’s everything Google announced today at its “Future of Search” event,techcrunch,http://techcrunch.com/2018/09/24/heres-everything-google-announced-today-at-its-future-of-search-event/
2018-09-26T16:30:42Z,A new way to explain neural networks,techcrunch,http://techcrunch.com/2018/09/26/a-new-way-to-explain-neural-networks/
2018-09-19T00:00:02Z,Google launches new AI initiatives in Japan,techcrunch,http://techcrunch.com/2018/09/18/google-launches-new-ai-initiatives-in-japan/
2018-09-07T00:48:39Z,Crossing Minds would like to recommend a few entertainment options,techcrunch,http://techcrunch.com/2018/09/06/crossing-minds-would-like-to-recommend-a-few-entertainment-options/
2018-09-05T20:40:59Z,"Clinc expands to automotive, releases SaaS platform for its voice AI assistant",techcrunch,http://techcrunch.com/2018/09/05/clinc-expands-to-automotive-releases-saas-platform-for-its-voice-ai-assistant/
2018-09-12T18:03:28Z,Apple’s new iPhones are powered by the industry’s first 7nm chips,techcrunch,http://techcrunch.com/2018/09/12/apples-new-iphones-are-powered-by-the-industrys-first-7nm-chips/
2018-09-19T15:47:48Z,Einstein Voice gives Salesforce users gift of gab,techcrunch,http://techcrunch.com/2018/09/19/einstein-voice-gives-salesforce-users-gift-of-gab/
2018-09-25T15:45:32Z,You’ll now need a subscription to get the best of Microsoft Office,techcrunch,http://techcrunch.com/2018/09/25/youll-now-need-a-subscription-to-get-the-best-of-microsoft-office/
2018-09-11T16:06:34Z,Alivecor gets a green light from FDA to screen for dangerously high potassium levels in the blood,techcrunch,http://techcrunch.com/2018/09/11/alivecor-gets-a-green-light-from-fda-to-screen-for-dangerously-high-potassium-levels-in-the-blood/
2018-09-07T20:42:12Z,The reality of quantum computing could be just three years away,techcrunch,http://techcrunch.com/2018/09/07/the-reality-of-quantum-computing-could-be-just-three-years-away/
2018-09-24T06:13:03Z,Uber and Grab hit with $9.5M in fines over ‘anti-competitive’ merger,techcrunch,http://techcrunch.com/2018/09/23/uber-and-grab-hit-with-9-5m-in-fines/
2018-09-12T13:00:53Z,"Grammarly now saves you from embarrassing mistakes in Google Docs, too",techcrunch,http://techcrunch.com/2018/09/12/grammarly-now-saves-you-from-embarrassing-mistakes-in-google-docs-too/
2018-09-13T16:50:49Z,Uber is investing $150M in Toronto to expand self-driving car efforts,techcrunch,http://techcrunch.com/2018/09/13/uber-is-investing-150m-in-toronto-to-expand-self-driving-car-efforts/
2018-09-26T17:06:24Z,Product Hunt Radio: Finding the world’s lost Einsteins and putting an end to aging,techcrunch,http://techcrunch.com/2018/09/26/product-hunt-radio-finding-the-worlds-lost-einsteins-and-putting-an-end-to-aging/
2018-09-11T14:00:42Z,Instacart brings on Mark Schaaf as Chief Technology Officer,techcrunch,http://techcrunch.com/2018/09/11/instacart-brings-on-mark-schaaf-as-chief-technology-officer/
2018-09-10T21:50:19Z,Zendesk expands into CRM with Base acquisition,techcrunch,http://techcrunch.com/2018/09/10/zendesk-expands-into-crm-with-base-acquisition/
2018-09-20T18:45:13Z,"Cluep, a Canadian startup that raised just $500k, acquired for $40M",techcrunch,http://techcrunch.com/2018/09/20/cluep-a-canadian-startup-that-raised-just-500k-acquired-for-40m/
2018-09-05T03:24:26Z,Meditation app Headspace bets on voice and AI with Alpine.AI acquisition,techcrunch,http://techcrunch.com/2018/09/04/meditation-app-headspace-bets-on-voice-and-a-i-with-alpine-ai-acquisition/
2018-09-05T16:00:34Z,Announcing Startup Battlefield at Disrupt SF 2018,techcrunch,http://techcrunch.com/2018/09/05/announcing-startup-battlefield-at-disrupt-sf-2018/
2018-09-07T17:20:30Z,Rigetti announces its hybrid quantum computing platform — and a $1M prize,techcrunch,http://techcrunch.com/2018/09/07/rigetti-announces-its-hybrid-quantum-computing-platform-and-a-1m-prize/
2018-09-05T16:02:19Z,Google’s Launchpad Studio accelerator welcomes a cohort of blockchain and finance startups,techcrunch,http://techcrunch.com/2018/09/05/googles-launchpad-studio-accelerator-welcomes-a-cohort-of-blockchain-and-finance-startups/
2018-09-20T12:59:50Z,WalkMe raises $40M at a $1B+ valuation for its on-screen guidance technology,techcrunch,http://techcrunch.com/2018/09/20/walkme-raises-40m-at-a-1b-valuation-for-its-on-screen-guidance-technology/
2018-09-18T17:57:20Z,Coinbase poaches LinkedIn’s head of data Michael Li,techcrunch,http://techcrunch.com/2018/09/18/coinbase-poaches-linkedins-head-of-data-michael-li/
2018-09-24T13:49:23Z,"Microsoft, SAP and Adobe take on Salesforce with their new Open Data Initiative for customer data",techcrunch,http://techcrunch.com/2018/09/24/microsoft-sap-and-adobe-take-on-salesforce-with-their-new-open-data-initiative-for-customer-data/
2018-09-27T08:00:16Z,24 hours left to apply as a TC Top Pick at Disrupt Berlin 2018,techcrunch,http://techcrunch.com/2018/09/27/24-hours-left-to-apply-as-a-tc-top-pick-at-disrupt-berlin-2018/
2018-09-12T17:40:48Z,Apple introduces the iPhone XS and iPhone XS Max,techcrunch,http://techcrunch.com/2018/09/12/apple-introduces-the-iphone-xs/
2018-09-06T15:00:57Z,Microsoft commits to fixing custom apps broken by Windows 10 upgrades,techcrunch,http://techcrunch.com/2018/09/06/microsoft-commits-to-fixing-custom-apps-broken-by-latest-windows-updates/
2018-09-19T01:45:59Z,Solving the mystery of sleep,techcrunch,http://techcrunch.com/2018/09/18/solving-the-mystery-of-sleep/
2018-09-25T12:00:06Z,"Salesforce, AWS expand partnership with secure data sharing between platforms",techcrunch,http://techcrunch.com/2018/09/25/salesforce-aws-expand-partnership-with-direct-data-integration-between-platforms/
2018-09-19T14:40:23Z,"Fresh out of Y Combinator, Leena AI scores $2M seed round",techcrunch,http://techcrunch.com/2018/09/19/fresh-out-of-y-combinator-leena-ai-scores-2m-seed-round/
2018-09-25T09:00:32Z,Applications for TC Top Picks at Disrupt Berlin 2018 close Friday,techcrunch,http://techcrunch.com/2018/09/25/applications-for-tc-top-picks-at-disrupt-berlin-2018-close-friday/
2018-09-19T10:32:55Z,IBM launches cloud tool to detect AI bias and explain automated decisions,techcrunch,http://techcrunch.com/2018/09/19/ibm-launches-cloud-tool-to-detect-ai-bias-and-explain-automated-decisions/
2018-09-04T21:00:32Z,What incubators and tech ecosystems can offer health startups,techcrunch,http://techcrunch.com/2018/09/04/what-incubators-and-tech-ecosystems-can-offer-health-startups/
2018-09-13T13:27:01Z,Google Street View rival Mapillary collaborates with Amazon to read text in its 350M image database,techcrunch,http://techcrunch.com/2018/09/13/mapillary-rekognition-amazon/
2018-09-05T18:08:11Z,"Juul says it will use technology to help you quit e-cigarettes, too",techcrunch,http://techcrunch.com/2018/09/05/juul-says-it-will-use-technology-to-help-you-quit-e-cigarettes-too/
2018-09-05T21:43:40Z,"D-ID launches its initial product with customers in printing, automotive and financial services",techcrunch,http://techcrunch.com/2018/09/05/d-id-launches-its-initial-product-with-customers-in-printing-automotive-and-financial-services/
2018-09-28T00:59:06Z,Our 3 favorite startups from Urban-X’s 4th demo day,techcrunch,http://techcrunch.com/2018/09/27/our-3-favorite-startups-from-urban-xs-4th-demo-day/
2018-09-24T20:39:03Z,The 7 most important announcements from Microsoft Ignite today,techcrunch,http://techcrunch.com/2018/09/24/the-7-most-important-announcements-from-microsoft-ignite-today/
2018-09-12T11:42:12Z,European parliament gives thumbs up to controversial copyright reforms,techcrunch,http://techcrunch.com/2018/09/12/european-parliament-gives-thumbs-up-to-controversial-copyright-reforms/
2018-09-12T10:44:45Z,Europe to push for one-hour takedown law for terrorist content,techcrunch,http://techcrunch.com/2018/09/12/europe-to-push-for-one-hour-takedown-law-for-terrorist-content/
2018-09-07T13:05:13Z,Latin America is the next stage in the race for dominance in the ride-hailing market,techcrunch,http://techcrunch.com/2018/09/07/latin-america-is-the-next-stage-in-the-race-for-dominance-in-the-ride-hailing-market/
2018-09-26T22:12:17Z,Facebook poisons the acquisition well,techcrunch,http://techcrunch.com/2018/09/26/m-and-nay/
2018-09-29T22:43:14Z,"Solve, MIT’s take on social innovation challenges, may be different enough to work",techcrunch,http://techcrunch.com/2018/09/29/solve-mits-take-on-social-innovation-challenges-may-be-different-enough-to-work/
2018-09-03T16:37:27Z,Avrios has quietly raised $14M for an AI-fueled fleet management platform,techcrunch,http://techcrunch.com/2018/09/03/avrios-has-quietly-raised-14m-for-an-ai-fueled-fleet-management-platform/
2018-09-19T02:35:29Z,Googleが日本で複数のAI関連事業を立ち上げ、UNIQLOとパートナーシップ,techcrunch,https://jp.techcrunch.com/2018/09/19/2018-09-18-google-launches-new-ai-initiatives-in-japan/
2018-09-18T23:25:06Z,"Committed to privacy, Snips founder wants to take on Alexa and Google, with blockchain",techcrunch,http://techcrunch.com/2018/09/18/committed-to-privacy-snips-founder-wants-to-take-on-alexa-and-google-with-blockchain/
2018-09-06T00:30:21Z,Forethought looks to reshape enterprise search with AI,techcrunch,http://techcrunch.com/2018/09/05/forethought-looks-to-reshape-enterprise-search-with-ai/
2018-09-05T22:11:06Z,McCarthyFinch AI services platform automates tedious legal tasks,techcrunch,http://techcrunch.com/2018/09/05/mccarthyfinch-ai-services-platform-automates-tedious-legal-tasks/
2018-09-06T01:06:16Z,Secretive semiconductor startup Groq raises $52M from Social Capital,techcrunch,http://techcrunch.com/2018/09/05/secretive-semiconductor-startup-groq-raises-52m-from-social-capital/
2018-09-14T00:30:56Z,Microsoft、ドラグ&ドロップでAIアプリを作るLobeを買収――Azure ML Studioの強化へ,techcrunch,https://jp.techcrunch.com/2018/09/14/2018-09-13-microsoft-acquires-lobe-a-drag-and-drop-ai-tool/
2018-09-11T14:00:42Z,Instacart brings on Mark Schaaf as Chief Technology Officer,techcrunch,http://techcrunch.com/2018/09/11/instacart-brings-on-mark-schaaf-as-chief-technology-officer/
2018-09-03T18:29:40Z,"Peep the future of distributed ledgers with the leaders of Hyperledger, Parity Technologies and Tradeshift",techcrunch,http://techcrunch.com/2018/09/03/peep-the-future-of-distributed-ledgers-with-the-leaders-of-hyperledger-parity-technologies-and-tradeshift/
2018-09-19T14:40:23Z,"Fresh out of Y Combinator, Leena AI scores $2M seed round",techcrunch,http://techcrunch.com/2018/09/19/fresh-out-of-y-combinator-leena-ai-scores-2m-seed-round/
2018-09-13T19:08:00Z,"Microsoft acquires Lobe, a drag-and-drop AI tool",techcrunch,http://techcrunch.com/2018/09/13/microsoft-acquires-lobe-a-drag-and-drop-ai-tool/
2018-09-05T14:53:23Z,Twitter is considering badging bots — “as far as we can detect them”,techcrunch,http://techcrunch.com/2018/09/05/twitter-is-considering-badging-bots-as-far-as-we-can-detect-them/
2018-09-26T13:00:20Z,Putting the Pentagon $10B JEDI cloud contract into perspective,techcrunch,http://techcrunch.com/2018/09/26/putting-the-pentagon-10b-jedi-cloud-contract-into-proper-perspective/
2018-09-11T03:37:19Z,ZendeskがBaseを買収してCRMに拡大,techcrunch,https://jp.techcrunch.com/2018/09/11/2018-09-10-zendesk-expands-into-crm-with-base-acquisition/
2018-09-10T21:50:19Z,Zendesk expands into CRM with Base acquisition,techcrunch,http://techcrunch.com/2018/09/10/zendesk-expands-into-crm-with-base-acquisition/
2018-09-25T03:25:58Z,Google CEO Sundar Pichai will reportedly meet with Republican lawmakers this week,techcrunch,http://techcrunch.com/2018/09/24/google-ceo-sundar-pichai-will-reportedly-meet-with-republican-lawmakers-this-week/
2018-09-05T22:18:17Z,"China is beating the US on AI, says noted investor Kaifu Lee",techcrunch,http://techcrunch.com/2018/09/05/china-is-beating-the-us-on-ai-says-noted-investor-kaifu-lee/
2018-09-19T22:39:31Z,Amazonからビジュアル・ショッピングツール、Scout登場――機械学習で検索をパーソナライズ,techcrunch,https://jp.techcrunch.com/2018/09/20/2018-09-19-amazon-launches-scout-a-machine-learning-powered-visual-shopping-tool/
2018-09-26T23:08:00Z,"UK cybersecurity firm Darktrace raises $50M, now valued at $1.65B",techcrunch,http://techcrunch.com/2018/09/26/darktrace-raises-50-million-new-funding/
2018-09-25T10:06:03Z,Snyk raises $22M on a $100M valuation to detect security vulnerabilities in open source code,techcrunch,http://techcrunch.com/2018/09/25/snyk-raises-22m-on-a-100m-valuation-to-detect-security-vulnerabilities-in-open-source-code/
2018-09-24T03:07:00Z,"The Markup, a tech-focused investigative news site, raises $20 million from Craigslist founder",techcrunch,http://techcrunch.com/2018/09/23/the-markup-a-tech-focused-investigative-news-site-raises-20-million-from-craigslist-founder/
2018-09-13T14:00:16Z,Facebook rolls out photo/video fact checking so partners can train its AI,techcrunch,http://techcrunch.com/2018/09/13/photo-video-fact-checking/
2018-09-24T14:32:20Z,Adobe introduces AI assistant to help Analytics users find deeper insights,techcrunch,http://techcrunch.com/2018/09/24/adobe-introduces-ai-assistant-to-help-analytics-users-find-deeper-insights/
2018-09-19T20:37:08Z,"Amazon launches Scout, a machine learning-powered visual shopping tool",techcrunch,http://techcrunch.com/2018/09/19/amazon-launches-scout-a-machine-learning-powered-visual-shopping-tool/
2018-09-11T07:01:34Z,Ravelin raises £8M Series B to use machine learning to fight e-commerce fraud,techcrunch,http://techcrunch.com/2018/09/11/ravelin-raises-8m-series-b-to-use-machine-learning-to-fight-e-commerce-fraud/
2018-09-25T14:18:55Z,,techcrunch,https://techcrunch.com/2018/09/24/instagram-founders-leave/
2018-09-05T20:59:31Z,Lockheed Martin teams up with drone racers to add AI,techcrunch,http://techcrunch.com/2018/09/05/lockheed-martin-teams-up-with-drone-racers-to-add-ai/
2018-09-20T20:03:21Z,"As tasks wane, skills rise",techcrunch,http://techcrunch.com/2018/09/20/as-tasks-wane-skills-rise/
2018-09-13T03:00:00Z,"Nvidia launches the Tesla T4, its fastest data center inferencing platform yet",techcrunch,http://techcrunch.com/2018/09/12/nvidia-launches-the-tesla-t4-its-fastest-data-center-inferencing-platform-yet/
2018-09-05T20:19:57Z,Highlights from the Senate Intelligence hearing with Facebook and Twitter,techcrunch,http://techcrunch.com/2018/09/05/highlights-from-the-senate-intelligence-hearing-with-facebook-and-twitter/
2018-09-06T12:24:33Z,Salesforce updates Sales Cloud ahead of Dreamforce with increased automation,techcrunch,http://techcrunch.com/2018/09/06/salesforce-updates-sales-cloud-ahead-of-dreamforce-with-increased-automation/
2018-09-29T13:03:47Z,What each cloud company could bring to the Pentagon’s $10 B JEDI cloud contract,techcrunch,http://techcrunch.com/2018/09/29/what-each-cloud-company-could-bring-to-the-pentagons-10-b-jedi-cloud-contract/
2018-09-13T16:51:16Z,Uber is investing $150M in Toronto to expand self-driving car efforts,techcrunch,http://techcrunch.com/2018/09/13/uber-is-investing-150m-in-toronto-to-expand-self-driving-car-efforts/
2018-10-01T22:09:53Z,A former U.S. President walks into a blockchain conference…,techcrunch,http://techcrunch.com/2018/10/01/a-former-u-s-president-walks-into-a-blockchain-conference/
2018-09-14T14:04:40Z,Mercedes-Benz turns to SoundHound for in-vehicle voice assistant,techcrunch,http://techcrunch.com/2018/09/14/mercedes-benz-turns-to-soundhound-for-in-vehicle-voice-assistant/
2018-09-05T07:00:23Z,Are you TC Top Pick material? Apply to exhibit free at Disrupt Berlin,techcrunch,http://techcrunch.com/2018/09/04/are-you-tc-top-pick-material-apply-to-exhibit-free-at-disrupt-berlin/
2018-09-30T20:46:41Z,Unbiased algorithms can still be problematic,techcrunch,http://techcrunch.com/2018/09/30/unbiased-algorithms-can-still-be-problematic/
2018-09-28T08:01:32Z,Last day to apply for TC Top Picks at Disrupt Berlin 2018,techcrunch,http://techcrunch.com/2018/09/28/last-day-to-apply-for-tc-top-picks-at-disrupt-berlin-2018/
2018-09-26T08:02:04Z,48 hours left to apply as a TC Top Pick at Disrupt Berlin 2018,techcrunch,http://techcrunch.com/2018/09/26/48-hours-left-to-apply-as-a-tc-top-pick-at-disrupt-berlin-2018/
2018-09-19T01:47:48Z,Solving the mystery of sleep,techcrunch,http://techcrunch.com/2018/09/18/solving-the-mystery-of-sleep/
2018-09-20T08:01:38Z,Exhibit for free in Startup Alley at Disrupt Berlin 2018,techcrunch,http://techcrunch.com/2018/09/20/exhibit-for-free-in-startup-alley-at-disrupt-berlin-2018/
2018-09-28T08:02:30Z,The Zennström manifesto,techcrunch,http://techcrunch.com/2018/09/28/zennstroms-revolution/
2018-09-25T15:38:41Z,"With Mulesoft in fold, Salesforce gains access to data wherever lives",techcrunch,http://techcrunch.com/2018/09/25/with-mulesoft-in-fold-salesforce-gains-access-to-data-wherever-lives/
2018-09-12T11:09:15Z,Integrate.ai pulls in $30M to help businesses make better customer-centric decisions,techcrunch,http://techcrunch.com/2018/09/12/integrate-ai-pulls-in-30m-to-help-businesses-make-better-customer-centric-decisions/
2018-09-15T13:10:08Z,Why the Pentagon’s $10 billion JEDI deal has cloud companies going nuts,techcrunch,http://techcrunch.com/2018/09/15/why-the-pentagons-10-billion-jedi-deal-has-cloud-companies-going-nuts/
2018-09-27T20:13:33Z,How aerial lidar illuminated a Mayan megalopolis,techcrunch,http://techcrunch.com/2018/09/27/how-aerial-lidar-illuminated-a-mayan-megalopolis/
2018-09-24T17:02:24Z,macOS 10.14 Mojave review,techcrunch,http://techcrunch.com/2018/09/24/macos-10-14-mojave-review/
2018-09-03T11:00:00Z,IPUs? These New Chips Are Minted For Marketing,wired,https://www.wired.com/story/ipus-these-new-chips-minted-for-marketing/
2018-09-04T12:00:00Z,I Invented Autocorrect. Sorry About That; You're Welcome,wired,https://www.wired.com/story/opinion-i-invented-autocorrect/
2018-09-07T20:21:19Z,Elon Musk’s Weed-Toking Goodwill Tour Isn't Enough to Save Tesla,wired,https://www.wired.com/story/elon-musk-weed-toke-tesla/
2018-09-12T18:46:07Z,"Apple iPhone Xs and Xs Max: Specs, Features, Price",wired,https://www.wired.com/story/iphone-xs-and-xs-max/
2018-09-20T13:00:00Z,Want a Robot to *Really* Get a Grip? Make It Like Baymax,wired,https://www.wired.com/story/soft-robots-air-driven-grippers/
2018-09-10T04:00:00Z,This One-Armed Robot Is Super Manipulative (in a Good Way),wired,https://www.wired.com/story/this-one-armed-robot-is-super-manipulative-in-a-good-way/
2018-09-14T13:00:00Z,Why Big Tech and the Government Need to Work Together,wired,https://www.wired.com/story/why-big-tech-and-the-government-need-to-work-together/
2018-09-11T11:00:00Z,"iOS 12 Tips and Tricks, and What to Expect When You Upgrade",wired,https://www.wired.com/story/new-features-coming-in-ios-12/
2018-09-29T12:00:00Z,"Hurom H-AI Juicer Review: It's Too Expensive, and Juice Isn't All That Good for You Anyway",wired,https://www.wired.com/review/hurom-h-ai-juicer/
2018-09-28T11:00:00Z,Why Silicon Valley Should Fear Europe's Competition Chief,wired,https://www.wired.com/story/why-silicon-valley-should-fear-europes-competition-chief/
2018-09-18T07:01:00Z,How Apple Makes the AI Chip Powering the iPhone's Fancy Tricks,wired,https://www.wired.com/story/how-apple-makes-ai-chip-powering-iphones-fancy-tricks/
2018-09-12T22:17:03Z,Apple's Latest iPhones Are Packed With AI Smarts,wired,https://www.wired.com/story/apples-latest-iphones-packed-with-ai-smarts/
2018-09-20T18:15:00Z,Amazon’s Alexa Upgrades Give the Voice Assistant New Listening Powers,wired,https://www.wired.com/story/amazon-alexa-upgrades-whisper-alexa-guard/
2018-09-12T18:00:00Z,How Our Biological Clock Could Dictate Medical Treatments,wired,https://www.wired.com/story/how-our-biological-clock-could-dictate-medical-treatments/
2018-09-18T10:00:00Z,First to Market: Facial Recognition Startups,wired,https://www.wired.com/story/wired25-facial-recognition-startups-first-to-market/
2018-09-28T13:02:00Z,Digital IDs Are More Dangerous Than You Think,wired,https://www.wired.com/story/digital-ids-are-more-dangerous-than-you-think/
2018-09-11T15:00:00Z,Watch Moritz Simon Geist's Sonic Robots Play Thumping Techno Music in His Video for 'Entropy',wired,https://www.wired.com/story/moritz-simon-geist-robot-techno/
2018-09-04T17:00:00Z,How Chrome Spent a Decade Making the Web More Secure,wired,https://www.wired.com/story/chrome-decade-making-the-web-more-secure/
2018-09-04T13:00:00Z,How Self-Driving Supergroup Aurora Is Making Self-Driving Cars,wired,https://www.wired.com/story/aurora-self-driving-cars-plan/
2018-09-18T10:00:00Z,"To an AI, Every Eye Tells a Story",wired,https://www.wired.com/story/wired25-sundar-pichai-r-kim-artificial-intelligence-vision/
2018-09-09T13:00:00Z,"This Week in the Future of Cars: What Happened at Tesla, Uber, and Chevy this week",wired,https://www.wired.com/story/future-of-cars-lets-be-blunt/
2018-09-26T19:37:00Z,Oculus’s $399 Quest to Take VR Mainstream,wired,https://www.wired.com/story/oculus-quest-wireless-vr-headset/
2018-09-18T10:00:00Z,"Apple iPhone XS Review: Evolutionary, Not Revolutionary",wired,https://www.wired.com/review/apple-iphone-xs-and-iphone-xs-max/
2018-09-05T11:02:39Z,"This Hearing Aid Can Translate For You—and Track Steps, Too",wired,https://www.wired.com/story/this-hearing-aid-can-translate-for-you/
2018-09-23T11:00:00Z,Artificial Intelligence Has a Strange New Muse: Our Sense of Smell,wired,https://www.wired.com/story/artificial-intelligence-has-a-strange-new-muse-our-sense-of-smell/
2018-09-04T11:02:59Z,Silicon Valley Wants to Use Algorithms for Debt Collection,wired,https://www.wired.com/story/silicon-valley-algorithms-for-debt-collection/
2018-09-18T19:47:50Z,QAnon Is Trying to Trick Facebook’s Meme AI,wired,https://www.wired.com/story/qanon-conspiracy-facebook-meme-ai/
2018-09-14T21:14:33Z,"Facebook's AI Can Analyze Memes, but Can It Understand Them?",wired,https://www.wired.com/story/facebook-rosetta-ai-memes/
2018-09-18T10:00:00Z,"Sebastian Thrun on AI, Flying Cars, and Sam Altman",wired,https://www.wired.com/story/wired25-sebastian-thrun-sam-altman-artificial-intelligence/
2018-09-07T17:58:50Z,"AI Can Recognize Images, But Text Has Been Tricky—Until Now",wired,https://www.wired.com/story/ai-can-recognize-images-but-understand-headline/
2018-09-18T10:00:00Z,"An AI Pioneer, and the Researcher Bringing Humanity to AI",wired,https://www.wired.com/story/wired25-kai-fu-lee-fei-fei-li-artificial-intelligence/
2018-09-26T15:28:26Z,The Woman Bringing Civility to Open Source Projects,wired,https://www.wired.com/story/woman-bringing-civility-to-open-source-projects/
2018-09-18T10:00:00Z,Pinterest's Evan Sharp Trusts Design to Keep Things Simple,wired,https://www.wired.com/story/wired25-jonathan-ive-evan-sharp-pinterest-design/
2018-09-21T13:00:00Z,Siemen's Self-Driving Street Car Puts Autonomous Tech on Track,wired,https://www.wired.com/story/siemens-potsdam-self-driving-street-car-tram/
2018-09-18T10:00:00Z,Steward Brand and the Tools to Make the Whole Earth Better,wired,https://www.wired.com/story/wired25-stewart-brand-whole-earth/
2018-09-07T19:45:22Z,Fake Beto O'Rourke Texts Expose New Playground for Trolls,wired,https://www.wired.com/story/fake-beto-orourke-texts-expose-new-playground-for-trolls/
2018-09-18T10:00:00Z,25 Years of WIRED Predictions: Why the Future Never Arrives,wired,https://www.wired.com/story/wired25-david-karpf-issues-tech-predictions/
2018-10-01T22:00:58Z,Contract Simply (YC S17) is hiring junior and senior full-stack developers,hacker-news,https://news.ycombinator.com/item?id=18117199
2018-10-01T15:02:10Z,Ask HN: Who is hiring? (October 2018),hacker-news,https://news.ycombinator.com/item?id=18113144
2018-09-17T19:56:11Z,Next Caller Is Hiring a Senior Software Engineer,hacker-news,https://news.ycombinator.com/item?id=18009416
2018-09-10T03:47:33Z,Show HN: Analyzing graffiti with machine learning to explore a street art,hacker-news,https://news.ycombinator.com/item?id=17949255
2018-09-05T00:44:00Z,Indigo Fair (Sequoia/Khosla startup) is looking to hire a Data Scientist,hacker-news,https://news.ycombinator.com/item?id=17914186
2018-09-09T16:50:51Z,Show HN: Full Video Walkthrough of Hacking the Game Pwn Adventure 3,hacker-news,https://news.ycombinator.com/item?id=17946686
2018-09-04T13:20:23Z,"Humans still heft groceries on-demand, for now",abc-news,https://abcnews.go.com/Technology/wireStory/humans-heft-groceries-demand-now-57590453
2018-09-10T21:18:25Z,Scientists say they've developed blood test that can detect internal body clock,abc-news,https://abcnews.go.com/Health/scientists-developed-blood-test-detect-internal-body-clock/story?id=57731003
2018-09-20T12:31:17Z,"Pentagon field tests 'molar mic,' an encrypted radio that attaches to your tooth",abc-news,https://abcnews.go.com/Technology/News/pentagon-field-tests-molar-mic-encrypted-radio-attaches/story?id=57916905
2018-09-07T18:53:42Z,Twitter's Alex Jones ban: Blip in sea of abuse?,abc-news,https://abcnews.go.com/Technology/wireStory/twitters-alex-jones-ban-blip-sea-abuse-57677730
2018-09-13T09:19:40Z,"Talking gloves, tactile windows: new tech helps the disabled",abc-news,https://abcnews.go.com/Technology/wireStory/talking-gloves-tactile-windows-tech-helps-disabled-57792180
2018-09-13T01:16:43Z,Survey: US companies in China hurt by tariff war,abc-news,https://abcnews.go.com/International/wireStory/survey-us-companies-china-hurt-tariff-war-57786758
2018-09-15T23:53:39Z,Report: Trump going ahead with plans for new China tariffs,abc-news,https://abcnews.go.com/Politics/wireStory/report-trump-ahead-plans-china-tariffs-57850468
2018-09-07T17:28:57Z,Tesla in turmoil: Stock drops after executive exits and Elon Musk's marijuana hit,abc-news,https://abcnews.go.com/Business/tesla-turmoil-stock-drops-executive-exits-elon-musks/story?id=57670256
2018-09-04T08:58:54Z,Robot boat sails into history by finishing Atlantic crossing,abc-news,https://abcnews.go.com/Technology/wireStory/robot-boat-sails-history-finishing-atlantic-crossing-57585858
2018-09-11T09:24:12Z,How Instagram's verification rollout will impact social media influencers,abc-news,https://abcnews.go.com/Business/instagrams-verification-rollout-impact-social-media-influencers/story?id=57660490
2018-09-24T14:16:52Z,AP Explains: The US push to boost 'quantum computing',abc-news,https://abcnews.go.com/Technology/wireStory/ap-explains-us-push-boost-quantum-computing-58041931
2018-09-11T13:47:10Z,China puts off licenses for US companies amid tariff battle,abc-news,https://abcnews.go.com/International/wireStory/china-puts-off-licenses-us-companies-amid-tariff-57743795
2018-09-28T07:16:19Z,Digital maps are a modern marvel - until they're hijacked,abc-news,https://abcnews.go.com/Technology/wireStory/digital-maps-modern-marvel-hijacked-58142228
2018-09-03T20:14:08Z,Billionaire Seahawks owner contributes big to GOP,abc-news,https://abcnews.go.com/Politics/wireStory/billionaire-seahawks-owner-paul-allen-contributes-big-gop-57579452
2018-09-17T17:00:02Z,"iOS 12, thoroughly reviewed",ars-technica,https://arstechnica.com/gadgets/2018/09/ios-12-thoroughly-reviewed/
2018-09-11T10:45:51Z,This startup helps self-driving cars literally feel the road,ars-technica,https://arstechnica.com/cars/2018/09/this-startup-helps-self-driving-cars-literally-feel-the-road/
2018-09-18T15:47:16Z,Construction to begin on 36 megawatt Moroccan wind farm for Bitcoin mining,ars-technica,https://arstechnica.com/information-technology/2018/09/construction-to-begin-on-36-megawatt-moroccan-wind-farm-for-bitcoin-mining/
2018-09-09T14:00:05Z,"What to expect from Apple’s September 12, 2018 “Gather Round” event",ars-technica,https://arstechnica.com/gadgets/2018/09/what-to-expect-from-apples-september-12-2018-gather-round-event/
2018-09-28T13:00:35Z,Review: Google’s Wear OS 2.0 can’t fix its obsolete smartwatch hardware,ars-technica,https://arstechnica.com/gadgets/2018/09/review-googles-wear-os-2-0-cant-fix-its-obsolete-smartwatch-hardware/
2018-09-12T19:37:42Z,Google kills Google Inbox,ars-technica,https://arstechnica.com/gadgets/2018/09/google-kills-google-inbox/
2018-09-04T18:55:38Z,This lidar/camera hybrid could be a powerful addition to driverless cars,ars-technica,https://arstechnica.com/cars/2018/09/this-lidarcamera-hybrid-could-be-a-powerful-addition-to-driverless-cars/
2018-09-04T17:00:47Z,"Google celebrates a decade of Google Chrome, launches major redesign",ars-technica,https://arstechnica.com/gadgets/2018/09/google-celebrates-a-decade-of-google-chrome-launches-major-redesign/
2018-10-01T14:14:41Z,"iPhone XS and XS Max review: Big screens, big performance, big lenses, big prices",ars-technica,https://arstechnica.com/gadgets/2018/10/iphone-xs-and-xs-max-review-big-screens-big-performance-big-lenses-big-prices/
2018-09-17T14:22:59Z,Amazon looking into claims that employees delete bad reviews for cash,ars-technica,https://arstechnica.com/information-technology/2018/09/amazon-looking-into-claims-that-employees-delete-bad-reviews-for-cash/
2018-10-01T14:09:35Z,Could border agents trick you into unlocking your Face ID-enabled iPhone?,ars-technica,https://arstechnica.com/tech-policy/2018/10/could-border-agents-trick-you-into-unlocking-your-face-id-enabled-iphone/
2018-09-13T01:15:39Z,"Hands-on with the iPhone XS, iPhone XS Max, and iPhone XR",ars-technica,https://arstechnica.com/gadgets/2018/09/hands-on-with-the-iphone-xs-iphone-xs-max-and-iphone-xr/
2018-09-11T22:16:53Z,The future of US-China tech fiefdoms - Axios,axios,https://www.axios.com/china-and-the-us-parallel-tech-universes-1536282008-fb9d4c46-88c0-4acb-a992-511a1fd9e286.html
2018-09-15T15:31:00Z,How the Great Recession teed off tech's long boom - Axios,axios,https://www.axios.com/dotcom-bust-tech-growth-great-recession-b26085a7-128d-4724-a607-96114aecdf18.html
2018-09-14T02:17:00Z,The US-China race for quantum dominance - Axios,axios,https://www.axios.com/us-chinese-race-for-quantum-dominance-63f55bc2-45b5-438f-ae5c-a29b32a42642.html
2018-09-17T16:39:27Z,China Calls for Borderless Research to Promote AI Development,bloomberg,https://www.bloomberg.com/news/articles/2018-09-17/china-calls-for-borderless-research-to-promote-ai-development
2018-09-11T02:39:31Z,Google's AI Cloud Star Leaves After Pentagon Deal Protests - Bloomberg,bloomberg,https://www.bloomberg.com/tosv2.html?vid=&uuid=4696b060-b572-11e8-8076-47f11414d1f6&url=L25ld3MvYXJ0aWNsZXMvMjAxOC0wOS0xMC9nb29nbGUtcy1haS1jbG91ZC1zdGFyLWxlYXZlcy1hZnRlci1wZW50YWdvbi1kZWFsLXByb3Rlc3Rz
2018-09-20T17:50:41Z,"At This High-Tech Farm, the Boss Is an AI Algorithm: Next Jobs",bloomberg,https://www.bloomberg.com/news/articles/2018-09-20/at-this-high-tech-farm-the-boss-is-an-ai-powered-algorithm
2018-09-12T04:24:00Z,Google's AI Cloud Star Leaves After Pentagon Deal Protests,bloomberg,https://www.bloomberg.com/news/articles/2018-09-10/google-s-ai-cloud-star-leaves-after-pentagon-deal-protests
2018-09-17T16:50:44Z,"Machines to Handle Half of Work Tasks by 2025, Davos Group Says",bloomberg,https://www.bloomberg.com/news/articles/2018-09-17/machines-to-handle-half-of-work-tasks-by-2025-davos-group-says
2018-09-12T19:49:00Z,Tech Firms Face Hefty Fines Under New EU Terror Rules,bloomberg,https://www.bloomberg.com/news/articles/2018-09-12/tech-firms-face-hefty-fines-under-new-eu-terror-rules
2018-09-19T22:27:15Z,Artificial Intelligence Threatens Jobs in Developing World,bloomberg,https://www.bloomberg.com/tosv2.html?vid=&uuid=277c9070-bc5f-11e8-96ca-290d36191c84&url=L3ZpZXcvYXJ0aWNsZXMvMjAxOC0wOS0xNy9hcnRpZmljaWFsLWludGVsbGlnZW5jZS10aHJlYXRlbnMtam9icy1pbi1kZXZlbG9waW5nLXdvcmxk
2018-09-19T18:31:00Z,Alibaba is reportedly setting up its own company to make a customized artificial-intelligence chip (BABA),google-news,http://feedproxy.google.com/~r/typepad/alleyinsider/silicon_alley_insider/~3/ko5pooKp028/alibaba-stock-price-make-customized-artificial-intelligence-chip-2018-9
2018-09-11T19:18:39Z,"AI Detects 72 Fast Radio Bursts Coming from a Distant, Unknown Source",google-news,http://feedproxy.google.com/~r/DiscoverMag/~3/9u1eO1FaBC4/
2018-09-05T20:52:33Z,Artificial Intelligence and Problem Solving,google-news,http://feedproxy.google.com/~r/avaxhome/bojL/~3/ODMf5zeEsfI/194453458X.html
2018-09-05T09:23:14Z,Azure Machine Learning Development: 1 Basic Concepts,google-news,http://feedproxy.google.com/~r/avaxhome/bojL/~3/EgTFWiw7PUs/Azure-Machine-Learning-Development-1-Basic-Concepts.html
2018-09-04T01:43:24Z,"Software Engineering, Artificial Intelligence, Networking and Parallel/Distributed Computing",google-news,http://feedproxy.google.com/~r/avaxhome/bojL/~3/pHp4JORcyDU/3319983660.html
2018-09-05T13:18:14Z,Machine Learning and Tensorflow - The Google Cloud Approach,google-news,http://feedproxy.google.com/~r/avaxhome/bojL/~3/ZHPANyk6cBg/naag30473.html
2018-09-04T18:54:09Z,Guide to Vulnerability Analysis for Computer Networks and Systems: An Artificial Intelligence Approach,google-news,http://feedproxy.google.com/~r/avaxhome/bojL/~3/WaPH--2u9Jg/3319926233.html
2018-09-11T19:18:39Z,"AI Detects 72 Fast Radio Bursts Coming from a Distant, Unknown Source",google-news,http://feedproxy.google.com/~r/AllDiscovermagazinecomContent/~3/9u1eO1FaBC4/
2018-09-05T13:18:40Z,A&E - In Search Of: Artificial Intelligence (2018),google-news,http://feedproxy.google.com/~r/Avaxhome/video/~3/4IzvIUEyJHo/In.Search.Of.Artificial.Intelligence.720p2018.html
2018-09-28T14:21:56Z,Netradyne locks in $21 mln Series B,google-news,http://feedproxy.google.com/~r/pehub/blog/~3/pQHkQHeXc2E/
2018-09-19T18:31:00Z,Alibaba is reportedly setting up its own company to make a customized artificial-intelligence chip (BABA),google-news,http://feedproxy.google.com/~r/businessinsider/~3/dhQQJAw_03s/alibaba-stock-price-make-customized-artificial-intelligence-chip-2018-9
2018-09-05T09:23:14Z,Azure Machine Learning Development: 1 Basic Concepts,google-news,http://feedproxy.google.com/~r/avaxhome/wkEo/~3/EgTFWiw7PUs/Azure-Machine-Learning-Development-1-Basic-Concepts.html
2018-09-05T13:18:40Z,A&E - In Search Of: Artificial Intelligence (2018),google-news,http://feedproxy.google.com/~r/avaxhome/wkEo/~3/4IzvIUEyJHo/In.Search.Of.Artificial.Intelligence.720p2018.html
2018-09-05T16:16:47Z,Kira Systems closes $66 mln Series A with Insight Venture Partners,google-news,http://feedproxy.google.com/~r/pehub/blog/vcdeals/~3/itsdmql6C9E/
2018-09-13T16:59:00Z,What’s New in Civic Tech: Ohio Opioid Technology Challenge Announces Winners,google-news,http://feedproxy.google.com/~r/govtech/top_news/~3/Qf_FFlXyDV4/Whats-New-in-Civic-Tech-Ohio-Opioid-Technology-Challenge-Announces-Winners.html
2018-09-17T17:21:28Z,ANALISTA DE BUSINESS INTELLIGENCE Pleno (Cód: 2045) - 1 vaga em Curitiba/PR,google-news,http://feedproxy.google.com/~r/empregosti/~3/EIstvfUipm8/
2018-09-11T11:00:00Z,Reaching Out: 2nd Annual Government Experience Award Winners Embrace Citizens Where They Are,google-news,http://feedproxy.google.com/~r/govtech/top_news/~3/BAgCvF04X9Y/Government-Experience-Award-Winners-2018.html
2018-09-15T21:09:01Z,Show HN: Weather data created by phones for machine learning classifier training,google-news,https://play.google.com/store/apps/details?id=com.allclearweather.android&amp;hl=en_US
2018-09-26T15:00:00Z,Medical News Today: Your height may predict your risk of varicose veins,medical-news-today,https://www.medicalnewstoday.com/articles/323187.php
2018-09-25T14:00:00Z,A new blood test may detect sleep deprivation,medical-news-today,https://www.medicalnewstoday.com/articles/323166.php
2018-09-04T10:28:00Z,Watch now: Exploring the Future webinar,new-scientist,http://www.newscientist.com/article/2175641-watch-now-exploring-the-future-webinar/
2018-09-04T09:00:00Z,The real danger of deepfake videos is that we may question everything,new-scientist,https://www.newscientist.com/article/mg23931933-200-the-real-danger-of-deepfake-videos-is-that-we-may-question-everything/?utm_campaign=RSS%7CNSNS&utm_source=NSNS&utm_medium=RSS&campaign_id=RSS%7CNSNS-
2018-09-26T11:00:00Z,Mind-reading devices can now access your thoughts and dreams using AI,new-scientist,https://www.newscientist.com/article/mg23931972-500-mind-reading-devices-can-now-access-your-thoughts-and-dreams-using-ai/?utm_campaign=RSS%7CNSNS&utm_source=NSNS&utm_medium=RSS&campaign_id=RSS%7CNSNS-
2018-09-17T11:03:00Z,Revealed: What the UK public really thinks about the future of science,new-scientist,https://www.newscientist.com/article/2179920-revealed-what-the-uk-public-really-thinks-about-the-future-of-science/?utm_campaign=RSS%7CNSNS&utm_source=NSNS&utm_medium=RSS&campaign_id=RSS%7CNSNS-
2018-09-14T08:00:00Z,AI tries bad improv comedy to trick people into thinking it is human,new-scientist,http://www.newscientist.com/article/2179506-ai-tries-bad-improv-comedy-to-trick-people-into-thinking-it-is-human/
2018-09-13T09:00:00Z,Artificial intelligence is about to revolutionise warfare. Be afraid,new-scientist,https://www.newscientist.com/article/mg23931950-600-artificial-intelligence-is-about-to-revolutionise-warfare-be-afraid/?utm_campaign=RSS%7CNSNS&utm_source=NSNS&utm_medium=RSS&utm_content=technology&campaign_id=RSS%7CNSNS-technology
2018-09-13T09:00:00Z,Artificial intelligence is about to revolutionise warfare. Be afraid,new-scientist,https://www.newscientist.com/article/mg23931950-600-artificial-intelligence-is-about-to-revolutionise-warfare-be-afraid/?utm_campaign=RSS%7CNSNS&utm_source=NSNS&utm_medium=RSS&campaign_id=RSS%7CNSNS-?cmpid=RSS|NSNS|2012-GLOBAL|magcontents
2018-09-10T10:00:00Z,We’re not unique – lots of species can recognise themselves,new-scientist,https://www.newscientist.com/article/mg23931942-800-were-not-unique-lots-of-species-can-recognise-themselves/?utm_campaign=RSS%7CNSNS&utm_source=NSNS&utm_medium=RSS&campaign_id=RSS%7CNSNS-
2018-09-22T14:00:00Z,"Don’t miss: A digital sidekick, culture of crystals and bits of bear",new-scientist,https://www.newscientist.com/article/mg23931961-500-dont-miss-a-digital-sidekick-culture-of-crystals-and-bits-of-bear/?utm_campaign=RSS%7CNSNS&utm_source=NSNS&utm_medium=RSS&campaign_id=RSS%7CNSNS-?cmpid=RSS|NSNS|2012-GLOBAL|magcontents
2018-09-24T10:00:00Z,People are more clued up about science than you might think,new-scientist,https://www.newscientist.com/article/2179920-revealed-what-the-uk-public-really-thinks-about-the-future-of-science
2018-09-22T14:00:00Z,"Don’t miss: A digital sidekick, culture of crystals and bits of bear",new-scientist,https://www.newscientist.com/article/mg23931961-500-dont-miss-a-digital-sidekick-culture-of-crystals-and-bits-of-bear/?utm_campaign=RSS%7CNSNS&utm_source=NSNS&utm_medium=RSS&utm_content=space&campaign_id=RSS%7CNSNS-space
2018-09-25T11:00:00Z,AI eavesdrops on Borneo’s rainforests to check on biodiversity,new-scientist,http://www.newscientist.com/article/2179850-ai-eavesdrops-on-borneos-rainforests-to-check-on-biodiversity/
2018-09-12T10:00:00Z,"The Martians have landed in London, and they’re hogging the camera",new-scientist,http://www.newscientist.com/article/2179211-the-martians-have-landed-in-london-and-theyre-hogging-the-camera/
2018-09-04T09:00:00Z,The real danger of deepfake videos is that we may question everything,new-scientist,https://www.newscientist.com/article/mg23931933-200-the-real-danger-of-deepfake-videos-is-that-we-may-question-everything/?utm_campaign=RSS%7CNSNS&utm_source=NSNS&utm_medium=RSS&utm_content=technology&campaign_id=RSS%7CNSNS-technology
2018-09-26T11:00:00Z,Mind-reading devices can now access your thoughts and dreams using AI,new-scientist,https://www.newscientist.com/article/mg23931972-500-mind-reading-devices-can-now-access-your-thoughts-and-dreams-using-ai/?utm_campaign=RSS%7CNSNS&utm_source=NSNS&utm_medium=RSS&utm_content=technology&campaign_id=RSS%7CNSNS-technology
2018-09-04T09:00:00Z,The real danger of deepfake videos is that we may question everything,new-scientist,https://www.newscientist.com/article/mg23931933-200-the-real-danger-of-deepfake-videos-is-that-we-may-question-everything/?utm_campaign=RSS%7CNSNS&utm_source=NSNS&utm_medium=RSS&campaign_id=RSS%7CNSNS-?cmpid=RSS|NSNS|2012-GLOBAL|magcontents
2018-09-26T11:00:00Z,Mind-reading devices can now access your thoughts and dreams using AI,new-scientist,https://www.newscientist.com/article/mg23931972-500-mind-reading-devices-can-now-access-your-thoughts-and-dreams-using-ai/?utm_campaign=RSS%7CNSNS&utm_source=NSNS&utm_medium=RSS&campaign_id=RSS%7CNSNS-?cmpid=RSS|NSNS|2012-GLOBAL|magcontents
2018-09-18T08:00:00Z,Revealed: What the UK public really thinks about the future of science,new-scientist,https://www.newscientist.com/article/2179920-revealed-what-the-uk-public-really-thinks-about-the-future-of-science/?utm_campaign=RSS%7CNSNS&utm_source=NSNS&utm_medium=RSS&campaign_id=RSS%7CNSNS-?cmpid=RSS|NSNS|2012-GLOBAL|magcontents
2018-09-10T10:00:00Z,We’re not unique – lots of species can recognise themselves,new-scientist,https://www.newscientist.com/article/mg23931942-800-were-not-unique-lots-of-species-can-recognise-themselves/?utm_campaign=RSS%7CNSNS&utm_source=NSNS&utm_medium=RSS&campaign_id=RSS%7CNSNS-?cmpid=RSS|NSNS|2012-GLOBAL|magcontents
2018-09-13T09:00:00Z,Artificial intelligence is about to revolutionise warfare. Be afraid,new-scientist,https://www.newscientist.com/article/mg23931950-600-artificial-intelligence-is-about-to-revolutionise-warfare-be-afraid/?utm_campaign=RSS%7CNSNS&utm_source=NSNS&utm_medium=RSS&utm_content=features&campaign_id=RSS%7CNSNS-features
2018-09-22T14:00:00Z,"Don’t miss: A digital sidekick, culture of crystals and bits of bear",new-scientist,https://www.newscientist.com/article/mg23931961-500-dont-miss-a-digital-sidekick-culture-of-crystals-and-bits-of-bear/?utm_campaign=RSS%7CNSNS&utm_source=NSNS&utm_medium=RSS&utm_content=humans&campaign_id=RSS%7CNSNS-humans
2018-09-26T11:00:00Z,Mind-reading devices can now access your thoughts and dreams using AI,new-scientist,https://www.newscientist.com/article/mg23931972-500-mind-reading-devices-can-now-access-your-thoughts-and-dreams-using-ai/?utm_campaign=RSS%7CNSNS&utm_source=NSNS&utm_medium=RSS&utm_content=features&campaign_id=RSS%7CNSNS-features
2018-09-13T12:00:00Z,Artificial intelligence is about to revolutionise warfare. Be afraid,new-scientist,https://www.newscientist.com/article/mg23931950-600-artificial-intelligence-is-about-to-revolutionise-warfare-be-afraid/?utm_campaign=RSS%7CNSNS&utm_source=NSNS&utm_medium=RSS&campaign_id=RSS%7CNSNS-
2018-09-21T12:00:00Z,Stupid AI: How humans can stop machines from falling for visual tricks,new-scientist,http://www.newscientist.com/article/2180331-stupid-ai-how-humans-can-stop-machines-from-falling-for-visual-tricks/
2018-09-24T19:00:42Z,Google is following Instagram and Snapchat with a big push into Stories,recode,https://www.recode.net/2018/9/24/17897196/google-stories-push-instagram-facebook-snapchat
2018-10-01T12:44:42Z,"Recode Daily: With the SEC off his back, Elon Musk can return his focus to Tesla",recode,https://www.recode.net/2018/10/1/17921534/tesla-elon-musk-sec-facebook-breach-apple-iphonex-faceid-linknyc-kiosk-bytedance-amazon-garage
2018-09-12T12:47:52Z,Recode Daily: New iPhones and more: It’s Apple launch day,recode,https://www.recode.net/2018/9/12/17848438/apple-livestream-iphone-twitter-facebook-ai-moderators-verizon-5g-gawker-blockchain-amazon-christmas
2018-09-25T14:56:21Z,AI-produced artwork is moving from the fringes into the high art world,recode,https://www.recode.net/2018/9/25/17888288/ai-art-christies-artwork-obvious-french-auction
2018-09-14T12:38:04Z,Recode Daily: Where in the world is Alphabet CEO Larry Page?,recode,https://www.recode.net/2018/9/14/17857834/larry-page-alphabet-bezos-philanthropy-salesforce-climate-change-cashierless-surroundables-vw-beetle
2018-09-17T10:15:03Z,"If they don’t want to lose their jobs to a machine, doctors will need to become compassionate ‘human connectors’",recode,https://www.recode.net/2018/9/17/17867990/kai-fu-lee-ai-superpowers-book-artificial-intelligence-jobs-doctors-kara-swisher-decode-podcast
2018-09-14T10:30:01Z,"Twitter CEO Jack Dorsey talked to NYU’s Jay Rosen for an hour, on the record. Read and listen to the full interview here.",recode,https://www.recode.net/2018/9/14/17857486/twitter-jack-dorsey-nyu-jay-rosen-bias-neutrality-presence-politics-recode-media-podcast
2018-09-24T10:15:01Z,"Big data could ‘stop famines from ever happening again,’ says World Bank Group President Jim Yong Kim",recode,https://www.recode.net/2018/9/24/17894440/jim-yong-kim-world-bank-group-famine-google-amazon-microsoft-data-famine-kara-swisher-podcast
2018-09-12T10:15:02Z,Is it time for a ‘slow food’ movement for the internet?,recode,https://www.recode.net/2018/9/12/17848368/nicole-wong-cto-google-twitter-slow-food-tech-internet-congress-regulation-kara-swisher-podcast
2018-09-13T10:15:02Z,"Why Roku isn’t afraid of competition from Apple, Google and Amazon",recode,https://www.recode.net/2018/9/13/17852908/roku-anthony-wood-apple-google-amazon-tv-competition-peter-kafka-media-podcast
2018-09-26T10:15:01Z,Wearables pioneer Jawbone is back with a new mission: Warning you about health problems you didn’t know you had,recode,https://www.recode.net/2018/9/26/17904022/jawbone-health-hosain-rahman-wearables-healthcare-salesforce-kara-swisher-decode-podcast
2018-09-12T10:15:02Z,Full Q&A: Former Google lawyer and deputy U.S. CTO Nicole Wong on Recode Decode,recode,https://www.recode.net/2018/9/12/17848384/nicole-wong-cto-lawyer-google-twitter-kara-swisher-decode-podcast-full-transcript
2018-09-17T13:41:06Z,Start experimenting with AI to improve your customer service today,techradar,https://www.techradar.com/news/start-experimenting-with-ai-to-improve-your-customer-service-today
2018-09-14T06:32:40Z,How AI can restore our forgotten past,techradar,https://www.techradar.com/news/how-ai-can-restore-our-forgotten-past
2018-09-27T14:36:16Z,Human plus AI – that’s how automation creates the real digital workforce,techradar,https://www.techradar.com/news/human-plus-ai-thats-how-automation-creates-the-real-digital-workforce
2018-09-21T09:39:03Z,Facebook’s long-awaited video chat device could be launched this month,techradar,https://www.techradar.com/news/facebooks-long-awaited-video-chat-device-could-be-launched-this-month
2018-09-04T09:26:27Z,"Huawei Watch 3 is in the works, but the company wants to improve AI first",techradar,https://www.techradar.com/news/huawei-watch-3-is-in-the-works-but-the-company-wants-to-improve-ai-first
2018-09-21T15:12:57Z,Android 9 Pie is now rolling out to the OnePlus 6,techradar,https://www.techradar.com/news/android-9-pie-is-now-rolling-out-to-the-oneplus-6
2018-09-19T11:01:37Z,Sony’s robot puppy Aibo is looking for a US forever home,techradar,https://www.techradar.com/news/sonys-robot-puppy-aibo-is-looking-for-a-us-forever-home
2018-09-19T10:55:26Z,Certification for AI technology could soon be a reality,techradar,https://www.techradar.com/news/certification-for-ai-technology-could-soon-be-a-reality
2018-09-26T19:41:32Z,Could 5G networks herald the arrival of a four-day work week?,techradar,https://www.techradar.com/news/could-5g-networks-herald-the-arrival-of-a-four-day-work-week
2018-09-27T04:15:39Z,Amazon Alexa is getting a dedicated 'whisper' mode,techradar,https://www.techradar.com/news/amazon-alexa-is-getting-a-dedicated-whisper-mode
2018-09-13T13:48:44Z,10 things you need to know about the new iPhones,techradar,https://www.techradar.com/news/10-things-you-need-to-know-about-the-new-iphones
2018-09-11T17:35:57Z,Best cloud databases of 2018,techradar,https://www.techradar.com/news/best-cloud-database
2018-09-27T18:30:01Z,How to successfully implement an AI system,techradar,https://www.techradar.com/news/how-to-successfully-implement-an-ai-system
2018-09-11T15:15:25Z,Best cloud logging services of 2018,techradar,https://www.techradar.com/news/best-cloud-logging-service
2018-09-03T15:30:34Z,"The TVs of IFA 2018: The best screens unveiled by Samsung, LG, Philips and Toshiba",techradar,https://www.techradar.com/news/the-tvs-of-ifa-2018-the-best-screens-unveiled-by-samsung-lg-philips-and-toshiba
2018-09-10T16:30:15Z,Understanding the power of Blockchain infused with AI,techradar,https://www.techradar.com/news/understanding-the-power-of-blockchain-infused-with-ai
2018-09-25T07:52:17Z,Behind the scenes: powering AI transformation with High Performance Computing,techradar,https://www.techradar.com/news/behind-the-scenes-powering-ai-transformation-with-high-performance-computing
2018-09-19T13:00:03Z,Nvidia GeForce RTX 2080 Ti,techradar,https://www.techradar.com/reviews/nvidia-geforce-rtx-2080-ti-review
2018-09-21T13:37:15Z,Avira Antivirus Pro 2019,techradar,https://www.techradar.com/reviews/avira-antivirus-pro-2019
2018-09-24T09:39:36Z,Deezer could make song playlists smarter with AI mood detection,techradar,https://www.techradar.com/news/deezer-could-make-song-playlists-smarter-with-ai-mood-detection
2018-09-16T09:30:25Z,Google's AI is now much better at recognizing songs that are playing,techradar,https://www.techradar.com/news/googles-ai-is-now-much-better-at-recognizing-songs-that-are-playing
2018-09-19T13:00:00Z,Nvidia GeForce RTX 2080,techradar,https://www.techradar.com/reviews/nvidia-geforce-rtx-2080
2018-09-18T14:34:45Z,"Get ready for 6G mobile networks: 1Tbps speeds, microsecond latency and AI optimisation",techradar,https://www.techradar.com/news/get-ready-for-6g-mobile-networks-1tbps-speeds-microsecond-latency-and-ai-optimisation
2018-09-30T22:36:57Z,The regional gap in AI adoption,techradar,https://www.techradar.com/news/the-regional-gap-in-ai-adoption
2018-09-18T09:29:29Z,Nvidia RTX 2080 Ti leaves Titan Xp in the dust in leaked Final Fantasy XV benchmarks,techradar,https://www.techradar.com/news/nvidia-rtx-2080-ti-leaves-titan-xp-in-the-dust-in-leaked-final-fantasy-xv-benchmarks
2018-10-01T13:57:33Z,Steak & chips: how IoT and machine learning will disrupt risk in animal insurance,techradar,https://www.techradar.com/news/steak-and-chips-how-iot-and-machine-learning-will-disrupt-risk-in-animal-insurance
2018-09-08T09:30:17Z,Charting the rise and rise of Ethereum,techradar,https://www.techradar.com/news/charting-the-rise-and-rise-of-ethereum
2018-09-17T16:54:39Z,Healthcare leads the way when it comes to AI investment,techradar,https://www.techradar.com/news/healthcare-leads-the-way-when-it-comes-to-ai-investment
2018-09-13T16:29:05Z,Consumers warming to AI in their everyday lives,techradar,https://www.techradar.com/news/consumers-warming-to-ai-in-their-everyday-lives
2018-09-24T15:30:07Z,Apple just bought Shazam,techradar,https://www.techradar.com/news/apple-just-bought-shazam
2018-09-05T15:18:05Z,OPPO’s Find X sets the industry trend with first of its pop-up camera technology,techradar,https://www.techradar.com/news/oppos-find-x-sets-the-industry-trend-with-first-of-its-pop-up-camera-technology
2018-09-20T09:11:53Z,Windows 10 October 2018 Update could lose one of its best features before release,techradar,https://www.techradar.com/news/windows-10-october-2018-update-could-lose-one-of-its-best-features-before-release
2018-09-30T11:31:09Z,Future battlefields: how the wars of tomorrow will be fought,techradar,https://www.techradar.com/news/future-battlefields-how-the-wars-of-tomorrow-will-be-fought
2018-09-12T20:22:50Z,10 things you need to know about the iPhone XS and iPhone XR launch,techradar,https://www.techradar.com/news/10-things-you-need-to-know-about-the-iphone-xs-and-iphone-xr-launch
2018-09-26T11:26:46Z,Sony to launch 12 more lenses in 2019,techradar,https://www.techradar.com/news/sony-to-launch-12-more-lenses-in-2019
2018-09-05T13:47:23Z,"Xiaomi Redmi 6A, Redmi 6 and Redmi 6 Pro launched in India",techradar,https://www.techradar.com/news/xiaomi-redmi-6a-redmi-6-and-redmi-6-pro-launched-in-india
2018-09-27T16:30:06Z,"Realme 2 Pro has a dewdrop notch and starts at ₹13,990",techradar,https://www.techradar.com/news/realme-2-pro-has-a-dewdrop-notch-and-starts-at-indian-rupee13990
2018-09-03T23:01:00Z,UK''s 'first' large-scale 5G hub to test digital health apps in 2019,techradar,https://www.techradar.com/news/uks-first-large-scale-5g-hub-to-test-digital-health-apps-in-2019
2018-09-18T08:00:11Z,LG ThinQs it's finally time to launch Google Assistant on its Aussie TVs,techradar,https://www.techradar.com/news/lg-thinqs-today-is-a-good-time-to-launch-google-assistant-on-its-tvs-in-australia
2018-09-17T06:21:02Z,OnePlus will add a smart TV to its lineup next year,techradar,https://www.techradar.com/news/oneplus-will-add-a-smart-tv-to-its-lineup-next-year
2018-09-10T09:47:07Z,Dispelling workplace productivity myths with UC,techradar,https://www.techradar.com/news/dispelling-workplace-productivity-myths-with-uc
2018-09-21T03:32:14Z,HUAWEI P20 Pro still tops the charts even after the launch of iPhone XS Max,techradar,https://www.techradar.com/news/huawei-p20-pro-still-tops-the-charts-even-after-the-launch-of-iphone-xs-max
2018-09-11T13:20:29Z,The forgotten history of the 800-year-old robot,techradar,https://www.techradar.com/news/the-forgotten-history-of-the-800-year-old-robot
2018-09-10T17:00:18Z,What will the office of tomorrow look like?,techradar,https://www.techradar.com/news/what-will-the-office-of-tomorrow-look-like
2018-09-28T11:40:21Z,The 10 best and würst things we saw at Photokina 2018,techradar,https://www.techradar.com/news/the-10-best-things-we-saw-at-photokina-2018
2018-09-13T10:14:38Z,Key camera features on the iPhone XS,techradar,https://www.techradar.com/news/key-camera-features-on-the-iphone-xs
2018-09-03T13:20:56Z,The best 8K TVs spotted at IFA 2018,techradar,https://www.techradar.com/news/the-best-8k-tvs-spotted-at-ifa-2018
2018-09-19T10:33:44Z,Kaspersky Anti-Virus 2019,techradar,https://www.techradar.com/reviews/kaspersky-antivirus-2019
2018-09-24T09:05:40Z,Making tax digital: the catalyst for digitisation,techradar,https://www.techradar.com/news/making-tax-digital-the-catalyst-for-digitisation
2018-10-01T17:34:00Z,The digital manufacturing revolution gathering pace in the UK,techradar,https://www.techradar.com/news/the-digital-manufacturing-revolution-gathering-pace-in-the-uk
2018-09-06T16:40:39Z,Best cloud storage 2018: Top options to keep your photos safe,techradar,https://www.techradar.com/how-to/photography-video-capture/cameras/best-cloud-storage-for-photos-6-top-options-tested-and-rated-1320891
2018-09-20T14:51:49Z,Artificial intelligence will improve medical treatments,the-economist,https://www.economist.com/science-and-technology/2018/06/07/artificial-intelligence-will-improve-medical-treatments
2018-09-20T14:51:49Z,It should soon be easier to tell a chemical’s toxicity without killing animals,the-economist,https://www.economist.com/science-and-technology/2018/08/04/it-should-soon-be-easier-to-tell-a-chemicals-toxicity-without-killing-animals
2018-09-13T14:43:50Z,Machine learning can control tsetse flies,the-economist,https://www.economist.com/science-and-technology/2018/08/23/machine-learning-can-control-tsetse-flies
2018-09-13T14:43:50Z,A sense of curiosity is helpful for artificial intelligence,the-economist,https://www.economist.com/science-and-technology/2018/08/30/a-sense-of-curiosity-is-helpful-for-artificial-intelligence
2018-09-19T05:02:47Z,Google runs into more flak on artificial intelligence,the-economist,https://www.economist.com/business/2018/06/16/google-runs-into-more-flak-on-artificial-intelligence
2018-09-26T10:01:58Z,Non-tech businesses are beginning to use artificial intelligence at scale,the-economist,https://www.economist.com/special-report/2018/03/31/non-tech-businesses-are-beginning-to-use-artificial-intelligence-at-scale
2018-09-20T14:46:47Z,Business this week,the-economist,https://www.economist.com/the-world-this-week/2018/04/26/business-this-week
2018-09-19T05:02:47Z,Law firms climb aboard the AI wagon,the-economist,https://www.economist.com/business/2018/07/12/law-firms-climb-aboard-the-ai-wagon
2018-09-20T14:53:23Z,Can the EU become another AI superpower?,the-economist,https://www.economist.com/business/2018/09/22/can-the-eu-become-another-ai-superpower
2018-09-20T14:51:49Z,The way people walk can be used for ID and health checks,the-economist,https://www.economist.com/science-and-technology/2018/07/12/the-way-people-walk-can-be-used-for-id-and-health-checks
2018-09-26T10:01:58Z,Electronic surveillance may save the rhino,the-economist,https://www.economist.com/special-report/2017/11/09/electronic-surveillance-may-save-the-rhino
2018-09-19T05:02:47Z,More staff training is vital,the-economist,https://www.economist.com/business/2018/08/09/more-staff-training-is-vital
2018-09-18T13:25:14Z,Private equity is piling into health care,the-economist,https://www.economist.com/finance-and-economics/2018/07/26/private-equity-is-piling-into-health-care
2018-09-19T05:02:47Z,How an algorithm may decide your career,the-economist,https://www.economist.com/business/2018/06/21/how-an-algorithm-may-decide-your-career
2018-09-20T14:46:29Z,Only a tenth of the human genome is studied,the-economist,https://www.economist.com/science-and-technology/2018/09/22/only-a-tenth-of-the-human-genome-is-studied
2018-09-13T14:54:59Z,AI may not be bad news for workers,the-economist,https://www.economist.com/business/2018/09/15/ai-may-not-be-bad-news-for-workers
2018-09-20T14:51:49Z,Using AI to trace leaking pipes,the-economist,https://www.economist.com/science-and-technology/2018/04/26/using-ai-to-trace-leaking-pipes
2018-09-26T10:01:58Z,AI providers will increasingly compete with management consultancies,the-economist,https://www.economist.com/special-report/2018/03/31/ai-providers-will-increasingly-compete-with-management-consultancies
2018-09-20T14:51:49Z,Only a tenth of the human genome is studied,the-economist,https://www.economist.com/node/21751262
2018-09-18T15:13:26Z,"AI, radiology and the future of work",the-economist,https://www.economist.com/leaders/2018/06/07/ai-radiology-and-the-future-of-work
2018-09-13T13:33:11Z,Samsung’s $161bn splurge may be about more than business,the-economist,https://www.economist.com/business/2018/08/23/samsungs-161bn-splurge-may-be-about-more-than-business
2018-09-26T10:01:58Z,Getting to grips with military robotics,the-economist,https://www.economist.com/special-report/2018/01/25/getting-to-grips-with-military-robotics
2018-09-26T10:01:58Z,The sunny and the dark side of AI,the-economist,https://www.economist.com/special-report/2018/03/31/the-sunny-and-the-dark-side-of-ai
2018-09-13T14:55:00Z,"Big data is reshaping humanity, says Yuval Noah Harari",the-economist,https://www.economist.com/books-and-arts/2018/08/30/big-data-is-reshaping-humanity-says-yuval-noah-harari
2018-09-26T10:01:58Z,How AI is spreading throughout the supply chain,the-economist,https://www.economist.com/special-report/2018/03/31/how-ai-is-spreading-throughout-the-supply-chain
2018-09-19T05:02:47Z,A new breed of German startups,the-economist,https://www.economist.com/business/2018/06/16/a-new-breed-of-german-startups
2018-09-13T13:33:11Z,Plans for a return to China has many up in arms,the-economist,https://www.economist.com/business/2018/08/23/plans-for-a-return-to-china-has-many-up-in-arms
2018-09-24T14:57:19Z,Hospitals are learning from industry how to cut medical errors,the-economist,https://www.economist.com/international/2018/06/28/hospitals-are-learning-from-industry-how-to-cut-medical-errors
2018-09-20T14:53:23Z,The high costs of staff turnover,the-economist,https://www.economist.com/business/2018/09/22/the-high-costs-of-staff-turnover
2018-09-24T13:33:14Z,AI may not be bad news for workers,the-economist,https://www.economist.com/business/2018/09/13/ai-may-not-be-bad-news-for-workers
2018-09-19T05:02:47Z,A Chinese music-video app is making WeChat sweat,the-economist,https://www.economist.com/business/2018/07/12/a-chinese-music-video-app-is-making-wechat-sweat
2018-09-19T05:02:47Z,The insecurity of freelance work,the-economist,https://www.economist.com/business/2018/06/14/the-insecurity-of-freelance-work
2018-09-24T14:57:19Z,Digital technology can make financial struggles easier to manage,the-economist,https://www.economist.com/international/2017/09/07/digital-technology-can-make-financial-struggles-easier-to-manage
2018-09-19T05:02:47Z,A more realistic route to autonomous driving,the-economist,https://www.economist.com/business/2018/08/02/a-more-realistic-route-to-autonomous-driving
2018-09-13T14:43:50Z,Seals’ whiskers provide a model for the latest submarine detectors,the-economist,https://www.economist.com/science-and-technology/2018/08/09/seals-whiskers-provide-a-model-for-the-latest-submarine-detectors
2018-09-26T10:01:58Z,What happens when Chinese students abroad return home,the-economist,https://www.economist.com/special-report/2018/05/17/what-happens-when-chinese-students-abroad-return-home
2018-09-26T10:01:58Z,Using clever technology to keep enemies at bay,the-economist,https://www.economist.com/special-report/2018/01/25/using-clever-technology-to-keep-enemies-at-bay
2018-09-26T10:01:58Z,Waging war with disinformation,the-economist,https://www.economist.com/special-report/2018/01/25/waging-war-with-disinformation
2018-09-20T14:53:28Z,How Europe can improve the development of AI,the-economist,https://www.economist.com/leaders/2018/09/22/how-europe-can-improve-the-development-of-ai
2018-09-19T05:02:47Z,How bosses should respond to the sound of the clock ticking,the-economist,https://www.economist.com/business/2018/07/19/how-bosses-should-respond-to-the-sound-of-the-clock-ticking
2018-09-24T13:33:14Z,America can’t control the global flow of ideas,the-economist,https://www.economist.com/business/2018/09/13/america-cant-control-the-global-flow-of-ideas
2018-09-19T05:02:47Z,Silicon Valley gets queasy about Chinese money,the-economist,https://www.economist.com/business/2018/08/09/silicon-valley-gets-queasy-about-chinese-money
2018-09-13T14:54:59Z,America can’t control the global flow of ideas,the-economist,https://www.economist.com/business/2018/09/15/america-cant-control-the-global-flow-of-ideas
2018-09-19T05:02:47Z,America Inc and the rage against Beijing,the-economist,https://www.economist.com/business/2018/06/28/america-inc-and-the-rage-against-beijing
2018-09-26T10:01:58Z,Autonomous vehicles are just around the corner,the-economist,https://www.economist.com/special-report/2018/03/01/autonomous-vehicles-are-just-around-the-corner
2018-09-26T10:01:58Z,Preparing for more urban warfare,the-economist,https://www.economist.com/special-report/2018/01/25/preparing-for-more-urban-warfare
2018-09-26T10:01:58Z,Technology can make scarce medical resources go further,the-economist,https://www.economist.com/special-report/2017/11/11/technology-can-make-scarce-medical-resources-go-further
2018-09-18T15:13:26Z,A faked video of Donald Trump points to a worrying future,the-economist,https://www.economist.com/leaders/2018/05/24/a-faked-video-of-donald-trump-points-to-a-worrying-future
2018-09-24T14:57:19Z,Internet firms face a global techlash,the-economist,https://www.economist.com/international/2017/08/10/internet-firms-face-a-global-techlash
2018-09-24T14:57:19Z,How global university rankings are changing higher education,the-economist,https://www.economist.com/international/2018/05/19/how-global-university-rankings-are-changing-higher-education
2018-09-06T14:48:52Z,How social-media platforms dispense justice,the-economist,https://www.economist.com/business/2018/09/08/how-social-media-platforms-dispense-justice
2018-09-27T14:51:06Z,"In the struggle for AI supremacy, China will prevail",the-economist,https://www.economist.com/books-and-arts/2018/09/29/in-the-struggle-for-ai-supremacy-china-will-prevail
2018-09-24T13:33:14Z,How social-media platforms dispense justice,the-economist,https://www.economist.com/business/2018/09/06/how-social-media-platforms-dispense-justice
2018-09-19T05:02:47Z,Alibaba and Tencent have become China’s most formidable investors,the-economist,https://www.economist.com/business/2018/08/02/alibaba-and-tencent-have-become-chinas-most-formidable-investors
2018-09-26T10:01:58Z,Managing human resources is about to become easier,the-economist,https://www.economist.com/special-report/2018/03/31/managing-human-resources-is-about-to-become-easier
2018-09-18T15:13:26Z,America’s tech giants vie with China’s in third countries,the-economist,https://www.economist.com/leaders/2018/07/05/americas-tech-giants-vie-with-chinas-in-third-countries
2018-09-06T14:48:53Z,“Effective altruists” aim to change the world from a Blackpool hotel,the-economist,https://www.economist.com/britain/2018/09/08/effective-altruists-aim-to-change-the-world-from-a-blackpool-hotel
2018-09-24T13:03:16Z,“Effective altruists” aim to change the world from a Blackpool hotel,the-economist,https://www.economist.com/britain/2018/09/06/effective-altruists-aim-to-change-the-world-from-a-blackpool-hotel
2018-09-27T14:52:38Z,"In the struggle for AI supremacy, China will prevail",the-economist,https://www.economist.com/node/21751627
2018-09-20T12:40:38Z,The natural wildness of the English language,the-economist,https://www.economist.com/books-and-arts/2018/09/20/the-natural-wildness-of-the-english-language
2018-09-13T14:54:59Z,China will struggle to produce another Jack Ma,the-economist,https://www.economist.com/leaders/2018/09/15/china-will-struggle-to-produce-another-jack-ma
2018-09-24T14:57:19Z,Tech giants are under fire for facilitating terrorism,the-economist,https://www.economist.com/international/2017/06/08/tech-giants-are-under-fire-for-facilitating-terrorism
2018-09-26T10:01:58Z,China has the world’s most centralised internet system,the-economist,https://www.economist.com/special-report/2018/06/28/china-has-the-worlds-most-centralised-internet-system
2018-09-26T10:01:58Z,Customer service could start living up to its name,the-economist,https://www.economist.com/special-report/2018/03/31/customer-service-could-start-living-up-to-its-name
2018-09-26T10:01:58Z,The future of war,the-economist,https://www.economist.com/special-report/2018/01/25/the-future-of-war
2018-09-26T10:01:58Z,The story of the internet is all about layers,the-economist,https://www.economist.com/special-report/2018/06/28/the-story-of-the-internet-is-all-about-layers
2018-09-26T10:01:58Z,Financial inclusion is making great strides,the-economist,https://www.economist.com/special-report/2018/05/03/financial-inclusion-is-making-great-strides
2018-09-26T10:01:58Z,How regulators can prevent excessive concentration online,the-economist,https://www.economist.com/special-report/2018/06/28/how-regulators-can-prevent-excessive-concentration-online
2018-09-18T13:20:31Z,Studying the Middle Ages through its monsters,the-economist,https://www.economist.com/prospero/2018/06/14/studying-the-middle-ages-through-its-monsters
2018-09-07T14:57:18Z,Elon Musk Smoked A Blunt On Joe Rogan’s Podcast,the-huffington-post,https://www.huffingtonpost.com/entry/elon-musk-smoking-blunt-joe-rogan_us_5b927b4ae4b0cf7b003f0fdb
2018-09-29T12:00:10Z,The Strange Story Behind The Animals We Know We Haven't Yet Discovered,the-huffington-post,https://www.huffingtonpost.com/entry/discovering-species-camilo-mora-science_us_5bab9129e4b0353bd2cfb7ad
2018-09-20T13:00:10Z,25 Funny Tweets That Capture Parenting In The Age Of Alexa And Siri,the-huffington-post,https://www.huffingtonpost.com/entry/funny-tweets-alexa-siri_us_5b96cd8fe4b0162f473006a1
2018-09-23T01:18:00Z,China trade is one way trade: theirs,the-huffington-post,https://www.huffingtonpost.com/entry/china-trade-is-one-way-trade-theirs_us_594513b6e4b024b7e0df4c53
2018-09-14T10:00:07Z,Frank Gehry’s Disney Hall Is Technodreaming,the-new-york-times,https://www.nytimes.com/2018/09/14/arts/design/refik-anadol-la-philharmonic-disney-hall.html
2018-09-13T19:37:24Z,Kara Swisher: The Real Google Censorship Scandal,the-new-york-times,https://www.nytimes.com/2018/09/13/opinion/google-censorship-trump-china.html
2018-09-13T11:00:04Z,"Review: In ‘Science Fair,’ High School Students Are World-Class Scholars",the-new-york-times,https://www.nytimes.com/2018/09/13/movies/science-fair-review.html
2018-09-22T18:30:05Z,What China Can Teach the U.S. About Artificial Intelligence,the-new-york-times,https://www.nytimes.com/2018/09/22/opinion/sunday/ai-china-united-states.html
2018-09-04T15:53:27Z,Understanding the times: Satellite Images and Shadow Analysis: How The Times Verifies Eyewitness Videos,the-new-york-times,https://www.nytimes.com/2018/09/04/reader-center/social-media-video-how-to-verify.html
2018-09-07T14:22:39Z,"NETFLIX Roulette, Where Movies Never End; Algorithm Traps...",the-new-york-times,https://www.nytimes.com/2018/09/07/movies/netflix-roulette-tau-el-aviso-candy-jar.html
2018-09-05T00:53:13Z,The Politicians Are Coming for Silicon Valley,the-new-york-times,https://www.nytimes.com/2018/09/04/opinion/twitter-facebook-senate-hearing.html
2018-09-23T19:31:03Z,Saving Our Future,the-new-york-times,https://www.nytimes.com/2018/09/23/opinion/john-kerry-saving-our-future.html
2018-09-05T09:00:07Z,Live Briefing: Facebook and Twitter Executives Head to Capitol Hill,the-new-york-times,https://www.nytimes.com/2018/09/05/technology/facebook-twitter-congress.html
2018-09-20T05:09:15Z,Cboe Exchange Turns to Machines to Police Its 'Fear Gauge',the-new-york-times,https://www.nytimes.com/reuters/2018/09/20/business/20reuters-cboe-vix.html
2018-09-26T05:07:37Z,"China to Further Boost $3.8 Trillion Digital Economy, Create More Jobs",the-new-york-times,https://www.nytimes.com/reuters/2018/09/26/business/26reuters-china-economy-jobs.html
2018-09-03T00:00:00Z,Silicon Valley Doesn’t Like Trump. It Can Still Work With the Government.,the-new-york-times,https://www.nytimes.com/2018/09/03/business/silicon-valley-trump-government.html
2018-09-04T00:00:00Z,Line Corp Says to Raise $1.33 Billion Through Convertible Euro Bonds,the-new-york-times,https://www.nytimes.com/reuters/2018/09/04/technology/04reuters-line-fundraising.html
2018-09-03T00:08:15Z,Companies Say Trump Is Hurting Business by Limiting Legal Immigration,the-new-york-times,https://www.nytimes.com/2018/09/02/business/trump-legal-immigration-h1b-visas.html
2018-10-01T23:31:50Z,Cancer Center’s Board Chairman Faults Top Doctor Over ‘Crossed Lines’,the-new-york-times,https://www.nytimes.com/2018/10/01/health/cancer-memorial-sloan-kettering-ethics.html
2018-09-21T19:34:19Z,Artificial intelligence hates the poor and disenfranchised,the-next-web,https://thenextweb.com/?p=1153369
2018-09-27T08:27:15Z,The algorithms that are currently fueling the deep learning revolution,the-next-web,https://thenextweb.com/contributors/2018/09/27/the-algorithms-that-are-currently-fueling-the-deep-learning-revolution/
2018-09-28T08:42:40Z,Worried about AI taking over the world? Science isn’t,the-next-web,https://thenextweb.com/?p=1154294
2018-10-01T11:14:45Z,AI could help drones ride air currents like majestic condors,the-next-web,https://thenextweb.com/?p=1155032
2018-09-06T18:22:31Z,This neural network lets you build and evolve little AI creatures,the-next-web,https://thenextweb.com/?p=1149365
2018-09-10T20:37:40Z,This AI mashes up existing games to create new ones,the-next-web,https://thenextweb.com/?p=1150028
2018-09-13T21:27:27Z,Google Cloud’s new AI head comes with his own ties to the Pentagon’s Project Maven,the-next-web,https://thenextweb.com/?p=1151270
2018-09-04T13:04:53Z,"Blockchain doesn’t kill people, but smart contracts can, law professor says",the-next-web,https://thenextweb.com/hardfork/2018/09/04/smart-contracts-super-dumb-blockchain/
2018-09-18T20:16:18Z,"Google, Microsoft, and Amazon drool over Chinese AI market while Apple woos Trump",the-next-web,https://thenextweb.com/?p=1152219
2018-09-23T12:30:44Z,Hollywood did a surprisingly good job predicting our drone future,the-next-web,https://thenextweb.com/contributors/2018/09/23/hollywood-predicted-our-drone-future/
2018-09-19T07:05:38Z,AI can protect elephants from poachers — here’s how,the-next-web,https://thenextweb.com/?p=1152049
2018-09-12T21:44:56Z,MIT taught a neural network how to show its work,the-next-web,https://thenextweb.com/?p=1150691
2018-09-19T23:12:11Z,Teaching robots to predict the future,the-next-web,https://thenextweb.com/?p=1152616
2018-09-14T06:33:55Z,Facebook is building an AI tool to help devs fix buggy code,the-next-web,https://thenextweb.com/?p=1151354
2018-09-25T11:51:08Z,Voice assistants will probably let us down,the-next-web,https://thenextweb.com/?p=1153854
2018-09-16T08:30:29Z,Modern chatbots are a solid 6.5 — but we need to strive for the perfect 10,the-next-web,https://thenextweb.com/contributors/2018/09/16/chatbots-need-to-be-the-perfect-10/
2018-09-27T13:00:00Z,Learn how to get Salesforce-certified for less than $4 a course,the-next-web,https://thenextweb.com/offers/2018/09/27/learn-how-to-get-salesforce-certified-for-less-than-4-a-course/
2018-09-22T08:30:02Z,How your media buying agency is screwing you over,the-next-web,https://thenextweb.com/contributors/2018/09/22/your-media-buying-agency-is-screwing-you-over/
2018-09-25T09:38:48Z,AI has already been weaponized – that’s why we need to ban ‘killer robots’,the-next-web,https://thenextweb.com/?p=1152083
2018-09-24T17:59:54Z,Slack just bought (and killed) a beloved email app,the-next-web,https://thenextweb.com/?p=1153666
2018-09-10T22:24:04Z,AI guru Fei Fei Li set to leave Google this year,the-next-web,https://thenextweb.com/?p=1150075
2018-09-04T17:56:08Z,Google just turned 20 — time for it to grow up,the-next-web,https://thenextweb.com/?p=1148546
2018-09-24T17:43:52Z,‘Minimal Turing Test’ asks you to prove you’re a human with a single word,the-next-web,https://thenextweb.com/?p=1153649
2018-09-14T03:01:20Z,This is what a technology skillset looks like,the-next-web,https://thenextweb.com/2018/09/14/this-is-what-a-technology-skillset-looks-like/
2018-09-20T19:03:35Z,Tencent created AI agents that can beat StarCraft 2’s Cheater AI,the-next-web,https://thenextweb.com/?p=1153046
2018-09-25T13:13:52Z,Fairies and deepfakes: a brief history of visual trickery,the-next-web,https://thenextweb.com/?p=1153906
2018-09-15T12:30:03Z,Hooking up brains to machines could be the ‘next big thing’ for gaming,the-next-web,https://thenextweb.com/contributors/2018/09/15/hooking-up-brains-to-machines-could-be-the-next-big-thing-for-gaming/
2018-09-17T12:48:31Z,I dismantled Google’s tracking — here’s what happened,the-next-web,https://thenextweb.com/contributors/2018/09/17/i-dismantled-googles-tracking-heres-what-happened/
2018-09-08T08:30:22Z,Putting more plastic in the ocean might actually be a good thing,the-next-web,https://thenextweb.com/contributors/2018/09/08/more-plastic-in-ocean-could-be-positive/
2018-09-26T10:48:27Z,Smart cities are for the rich — we need to change that,the-next-web,https://thenextweb.com/?p=1153960
2018-09-30T12:30:50Z,Here’s how you can painlessly integrate voice in your business,the-next-web,https://thenextweb.com/contributors/2018/09/30/painlessly-integrate-voice-in-your-business/
2018-09-29T08:43:06Z,Why 5G matters to VR adoption,the-next-web,https://thenextweb.com/syndication/2018/09/29/why-5g-matters-to-vr-adoption/
2018-09-28T17:44:22Z,An entrepreneur’s guide to Toronto’s tech scene,the-next-web,https://thenextweb.com/contributors/2018/09/28/an-entrepreneurs-guide-to-torontos-tech-scene/
2018-09-26T07:23:04Z,"Emotion-detecting technology is everywhere, but it’s out of date",the-next-web,https://thenextweb.com/?p=1151955
2018-09-28T15:57:02Z,Burger King trolls artificial intelligence with new ads,the-next-web,https://thenextweb.com/?p=1155118
2018-09-26T22:24:25Z,Microsoft built AI to protect you from idiots that smoke at gas pumps,the-next-web,https://thenextweb.com/?p=1154424
2018-09-17T12:23:54Z,Jack Ma: Blockchain will be useless if it doesn’t help the environment,the-next-web,https://thenextweb.com/hardfork/2018/09/17/alibaba-jack-ma-blockchain/
2018-09-25T17:10:17Z,Report: China will outspend US on AI research by end of 2018,the-next-web,https://thenextweb.com/?p=1154012
2018-09-13T13:02:24Z,"Aspiring data engineers, here are four course bundles that’ll make your career",the-next-web,https://thenextweb.com/offers/2018/09/13/aspiring-data-engineers-here-are-four-course-bundles-thatll-make-your-career/
2018-09-12T17:24:41Z,Everything Apple announced at today’s iPhone event (live blog),the-next-web,https://thenextweb.com/apple/2018/09/12/apple-iphone-event-2018-announcements/
2018-09-27T14:40:49Z,Will the algorithmic timeline be the death of social media?,the-next-web,https://thenextweb.com/contributors/2018/09/27/algorithmic-timeline/
2018-09-29T11:20:44Z,Driverless cars need to see the world like we do,the-next-web,https://thenextweb.com/syndication/2018/09/29/driverless-cars-need-to-see-the-world-like-we-do/
2018-09-19T19:06:58Z,New physics AI could be the key to a quantum computing revolution,the-next-web,https://thenextweb.com/?p=1152599
2018-09-03T14:02:21Z,"Want to save $163,000 on a comp sci education? Here’s one way...",the-next-web,https://thenextweb.com/offers/2018/09/03/want-to-save-163000-on-a-comp-sci-education-heres-one-way/
2018-09-06T16:11:36Z,India contemplates introducing a national digital currency to avoid printing money,the-next-web,https://thenextweb.com/hardfork/2018/09/06/indias-central-bank-mulling-own-digital-currency/
2018-09-30T08:31:22Z,12 most important pillars of an effective SEO strategy,the-next-web,https://thenextweb.com/contributors/2018/09/30/12-important-pillars-of-an-effective-seo-strategy/
2018-09-06T13:00:02Z,Skydio’s self-flying AI drone is now open to app developers,the-verge,https://www.theverge.com/2018/9/6/17824834/skydio-r1-ai-self-flying-drone-skills-sdk-developers-retail-mass-production-model
2018-09-04T17:00:02Z,"Google’s new Chrome design launches with rounded tabs, new mobile layout, and updated password manager",the-verge,https://www.theverge.com/2018/9/4/17814516/google-chrome-new-design-features
2018-09-05T21:05:01Z,AI drone pilots will challenge humans in competition sponsored by Lockheed Martin,the-verge,https://www.theverge.com/2018/9/5/17822384/ai-autonomous-drone-quadcopter-pilot-drl-drone-racing-league-2019
2018-09-17T14:43:02Z,Amazon opens its first cashier-less Go store outside of Seattle,the-verge,https://www.theverge.com/2018/9/17/17869294/amazon-go-store-chicago-cashier-less
2018-09-21T19:07:17Z,Google built VR motion controllers for the Lenovo Mirage Solo headset,the-verge,https://www.theverge.com/2018/9/21/17887696/google-daydream-lenovo-mirage-solo-vr-motion-controllers-api
2018-09-09T14:00:02Z,"This beautiful map shows everything that powers an Amazon Echo, from data mines to lakes of lithium",the-verge,https://www.theverge.com/2018/9/9/17832124/ai-artificial-intelligence-supply-chain-anatomy-of-ai-kate-crawford-interview
2018-09-14T10:00:02Z,Stop calling Facebook’s effort to fix itself an “arms race”,the-verge,https://www.theverge.com/2018/9/14/17857712/mark-zuckerberg-facebook-election-security-arms-race-cold-war
2018-09-19T10:01:02Z,How white supremacists are thriving on YouTube,the-verge,https://www.theverge.com/2018/9/19/17876892/youtube-extremism-report-rebecca-lewis-data-society
2018-09-25T10:53:34Z,Google is using AI to predict floods in India and warn users,the-verge,https://www.theverge.com/2018/9/25/17900018/google-ai-predictions-flooding-india-public-alerts
2018-09-03T16:22:56Z,Google releases free AI tool to help companies identify child sexual abuse material,the-verge,https://www.theverge.com/2018/9/3/17814188/google-ai-child-sex-abuse-material-moderation-tool-internet-watch-foundation
2018-09-20T18:03:31Z,Amazon is turning the Echo into a security system,the-verge,https://www.theverge.com/2018/9/20/17883428/amazon-alexa-guard-alarm-ring-smart-home-security-price
2018-09-20T13:08:39Z,"AI gliders learn to fly using air currents, just like birds",the-verge,https://www.theverge.com/2018/9/20/17881770/ai-machine-learning-gliders-air-currents-learning-birds
2018-09-11T17:01:08Z,Facebook is making AI that can identify offensive memes,the-verge,https://www.theverge.com/2018/9/11/17846512/facebook-rosetta-meme-machine-learning-text-recognition-hate-speech
2018-09-17T21:27:55Z,"Amazon reportedly planning Alexa microwave, subwoofer, and more this year",the-verge,https://www.theverge.com/2018/9/17/17871766/amazon-alexa-echo-eight-new-devices-microwave-oven-car-gadget
2018-09-13T13:16:42Z,The 3 best and worst features of the iPhone XS and XS Max,the-verge,https://www.theverge.com/2018/9/13/17852912/iphone-xs-max-xr-features-best-worst-camera-smart-hdr-apple-price
2018-09-13T10:55:01Z,Can Apple’s iPhone XS camera catch up to Google’s Pixel?,the-verge,https://www.theverge.com/circuitbreaker/2018/9/13/17853984/iphone-xs-camera-vs-google-pixel
2018-09-19T15:37:35Z,There’s a lion in London’s Trafalgar Square that eats words and roars AI-generated poetry,the-verge,https://www.theverge.com/2018/9/19/17874722/please-feed-the-lions-ai-google-trafalgar-square-es-devlin
2018-09-15T10:00:02Z,"Facebook beats Twitter at fighting fake news, a new study found",the-verge,https://www.theverge.com/2018/9/15/17862198/facebook-fake-news-study-twitter-stanford-nyu
2018-09-05T19:26:12Z,Google turns 20: how an internet search engine reshaped the world,the-verge,https://www.theverge.com/2018/9/5/17823490/google-20th-birthday-anniversary-history-milestones
2018-09-12T19:11:29Z,The four biggest announcements from the Apple September event,the-verge,https://www.theverge.com/2018/9/12/17842438/apple-iphone-event-news-updates-xs-xr-watch-4-2018
2018-09-08T10:00:01Z,The Pentagon plans to spend $2 billion to put more artificial intelligence into its weaponry,the-verge,https://www.theverge.com/2018/9/8/17833160/pentagon-darpa-artificial-intelligence-ai-investment
2018-10-01T13:00:02Z,Ex-Apple engineers unveil a next-generation sensor for self-driving cars,the-verge,https://www.theverge.com/2018/10/1/17915276/aeva-4d-lidar-technology-next-gen-self-driving-car-sensor-system
2018-09-20T18:47:51Z,The 14 biggest announcements from Amazon’s surprise hardware event,the-verge,https://www.theverge.com/2018/9/20/17883242/amazon-alexa-event-2018-news-recap-echo-auto-dot-sub-link-auto-microwave
2018-09-22T10:00:01Z,Why Twitter reset the @Twitter account,the-verge,https://www.theverge.com/2018/9/22/17888600/twitter-account-marketing-leslie-berland
2018-09-25T01:10:13Z,Google CEO Sundar Pichai is headed to Washington this week to discuss censorship and China,the-verge,https://www.theverge.com/2018/9/24/17898930/google-ceo-sundar-pichai-meet-with-washington-gop-china
2018-09-18T10:00:02Z,Apple iPhone XS and XS Max review: smoothed out,the-verge,https://www.theverge.com/2018/9/18/17871816/apple-iphone-xs-max-review-camera-processor-battery-price
2018-09-23T17:00:01Z,Deezer researchers developed an AI system that detects a song’s musical mood,the-verge,https://www.theverge.com/2018/9/23/17888240/deezer-researchers-ai-system-detect-song-musical-mood
2018-09-20T10:00:01Z,Facebook will open a “war room” next week to monitor election interference,the-verge,https://www.theverge.com/2018/9/20/17880810/facebook-election-war-room-interference-misinformation
2018-09-15T10:48:26Z,The Human Promise of the AI Revolution,the-wall-street-journal,https://www.wsj.com/articles/the-human-promise-of-the-ai-revolution-1536935115
2018-09-07T14:08:00Z,Tesla Accounting Chief Leaves After Month on the Job - Wall Street Journal,the-wall-street-journal,https://www.wsj.com/articles/tesla-accounting-chief-leaves-after-month-on-the-job-1536326889
2018-09-27T18:39:03Z,AI will lead to the rise of digital dictatorships,the-wall-street-journal,https://www.wsj.com/articles/historian-yuval-noah-harari-on-the-robot-revolution-1538057544
2018-09-05T14:49:37Z,Don't Believe the Algorithm,the-wall-street-journal,https://www.wsj.com/articles/dont-believe-the-algorithm-1536157620
2018-09-07T11:48:37Z,Elon Musk Appears to Smoke Cannabis in Lengthy Interview,the-wall-street-journal,https://www.wsj.com/articles/elon-musk-appears-to-smoke-marijuana-on-camera-in-lengthy-interview-1536318688
2018-09-17T11:34:09Z,Alibaba's Jack Ma Says Government Should Stick to Governing,the-wall-street-journal,https://www.wsj.com/articles/alibabas-jack-ma-says-government-should-stick-to-governing-1537183483
2018-09-20T14:14:54Z,Artificial Intelligence: The Robots Are Now Hiring,the-wall-street-journal,https://www.wsj.com/articles/artificial-intelligence-the-robots-are-now-hiring-moving-upstream-1537435820
2018-09-16T21:19:19Z,How to Buy a House the Wall Street Way,the-wall-street-journal,https://www.wsj.com/articles/how-to-buy-a-house-the-wall-street-way-1537102800
2018-09-19T02:26:27Z,AI Is the New Weapon Against Cyberattacks,the-wall-street-journal,https://www.wsj.com/articles/how-ai-can-help-stop-cyberattacks-1537322940
2018-09-12T09:36:54Z,EU Backs Fines for Tech Firms Over Terror Propaganda - Wall Street Journal,the-wall-street-journal,https://www.wsj.com/articles/eu-backs-fines-for-tech-firms-over-terror-propaganda-1536744963
2018-09-21T21:52:37Z,"Michael Ovitz, Former Hollywood Super Agent, Looks Back...",the-wall-street-journal,https://www.wsj.com/articles/michael-ovitz-the-former-hollywood-super-agent-looks-back-in-a-new-book-1537561186
2018-09-30T17:52:42Z,Tencent Targets Business Customers in Restructuring Plan - Wall Street Journal,the-wall-street-journal,https://www.wsj.com/articles/tencent-targets-business-customers-in-restructuring-plan-1538329670
2018-09-11T11:34:37Z,Robots Producing More of What Eat...,the-wall-street-journal,https://www.wsj.com/articles/see-food-why-robots-are-producing-more-of-what-you-eat-1536663744
2018-09-24T00:40:44Z,WPP Considers Merger of Young & Rubicam and Digital Ad Firm VML,the-wall-street-journal,https://www.wsj.com/articles/wpp-considers-merger-of-young-rubicam-and-digital-ad-firm-vml-1537729991
2018-09-18T14:56:12Z,Very Interesting! Awesome! Love it! Gmail Users Confront Chipper 'Smart Reply',the-wall-street-journal,https://www.wsj.com/articles/very-interesting-awesome-love-it-gmail-users-confront-chipper-smart-reply-1537282569
2018-09-18T14:27:10Z,Alibaba's Jack Ma Denies Beijing Forced Him Out,the-wall-street-journal,https://www.wsj.com/articles/alibabas-jack-ma-denies-beijing-forced-him-out-1537280485
2018-09-10T15:02:40Z,"Brain Data Could Read Moods, Potentially Treat Depression - Wall Street Journal",the-wall-street-journal,https://www.wsj.com/articles/mapping-moods-in-the-human-brain-1536591601
2018-09-24T02:27:00Z,Private Equity Turns to Big Data to Find Deals,the-wall-street-journal,https://www.wsj.com/articles/private-equity-turns-to-big-data-to-find-deals-1537754581
2018-09-19T02:49:50Z,Facial Recognition Goes Mainstream,the-wall-street-journal,https://www.wsj.com/articles/facial-recognition-goes-mainstream-1537322700
2018-09-25T15:17:38Z,Please Comb Your Hair. Phones With Facial Recognition Get Judgmental With Their Owners,the-wall-street-journal,https://www.wsj.com/articles/please-comb-your-hair-phones-with-facial-recognition-get-judgmental-with-their-owners-1537887972
2018-09-19T11:57:00Z,"Ordering Coffee Through Your Car? New Apps Turn Cars Into Smartphones, Raising Safety Questions",the-wall-street-journal,https://www.wsj.com/articles/ordering-coffee-through-your-car-new-apps-turn-cars-into-smartphones-raising-safety-questions-1537354800
2018-09-06T17:30:02Z,Quiz: Can You Tell the Difference Between Gmail Smart Reply and a Human?,the-wall-street-journal,https://www.wsj.com/articles/quiz-can-you-tell-the-difference-between-gmail-smart-reply-and-a-human-1536255000
2018-09-18T16:30:58Z,Venture Funding Flows to New York City Tech Startups,the-wall-street-journal,https://www.wsj.com/articles/venture-funding-flows-to-new-york-city-tech-startups-1537279706
2018-09-17T23:03:47Z,Software 'Robots' Power Surging Values for Three Little-Known Startups,the-wall-street-journal,https://www.wsj.com/articles/software-robots-power-surging-values-for-three-little-known-startups-1537225425
2018-09-17T02:29:27Z,Wearable Health Monitors: Do They Work?,the-wall-street-journal,https://www.wsj.com/articles/wearable-health-monitors-do-they-work-1537149961
2018-09-12T09:05:28Z,Real Time Economics: U.S. Workers Are Quitting Jobs at the Fastest Rate In 17 Years,the-wall-street-journal,https://blogs.wsj.com/economics/2018/09/12/real-time-economics-u-s-workers-are-quitting-jobs-at-the-fastest-rate-in-17-years/
2018-09-17T14:51:34Z,A Twist in the U.S. Tariff Battle: 'It's Helping China Be More Competitive',the-wall-street-journal,https://www.wsj.com/articles/a-twist-in-the-u-s-tariff-battle-its-helping-china-be-more-competitive-1537194771
2018-09-09T20:51:45Z,The Wall Street Journal: Alibaba’s Jack Ma likely to unveil succession plan Monday,the-wall-street-journal,https://www.wsj.com/articles/alibabas-jack-ma-expected-to-reveal-succession-plan-1536524117
2018-10-01T20:49:38Z,Robots Head for the Fields,the-wall-street-journal,https://www.wsj.com/articles/robots-head-for-the-fields-1538426976
2018-09-19T04:21:14Z,World Economic Forum Takes On China Tech Regulation,the-wall-street-journal,https://www.wsj.com/articles/world-economic-forum-takes-on-china-tech-regulation-1537329621
2018-09-25T14:46:38Z,Instagram's Kevin Systrom on the Platform He Built for One Billion Users,the-wall-street-journal,https://www.wsj.com/articles/instagrams-kevin-systrom-on-the-platform-he-built-for-one-billion-users-1537886795
2018-09-12T12:21:02Z,The First Flying-Car Review,the-wall-street-journal,https://www.wsj.com/articles/the-first-flying-car-review-1536753601
2018-09-20T09:29:00Z,Artificial Intelligence: The Robots Are Now Hiring - Moving Upstream,the-wall-street-journal,http://www.wsj.com/video/series/moving-upstream/artificial-intelligence-the-robots-are-now-hiring-moving-upstream/2790C6B9-4E47-4544-9331-36DB418366CF
2018-09-07T15:54:33Z,Elon Musk Appears to Smoke Marijuana,the-wall-street-journal,http://www.wsj.com/video/elon-musk-appears-to-smoke-marijuana/142F3B6D-6A09-4E9A-80C2-F458D2E505BE.html
2018-09-20T16:17:54Z,"Almost Half Of all Cell Phone Calls Will Be Spam by Next Year, Tech Security Firm Warns",time,http://time.com/5401861/cell-phone-calls-fraudulent-first-orion/
2018-09-25T09:07:07Z,U.N. to Caution Against Populism as World Leaders Convene for the Annual Summit,time,http://time.com/5405514/un-general-assembly-convenes-2018/
2018-09-20T20:24:16Z,Amazon Just Unveiled a Bunch of New Stuff With Alexa — Including a $60 Microwave,time,http://time.com/5402499/amazon-alexa-microwave/
2018-09-04T15:15:03Z,"20 Years Of Google Has Changed the Way We Think. Here’s How, According to a Historian of Information",time,http://time.com/5383389/google-history-search-information/
2018-09-07T11:12:50Z,Elon Musk Smokes Marijuana in His First Appearance Since Tweet About Taking Tesla Public,time,http://time.com/5389781/elon-musk-smokes-marijuana-podcast/
2018-09-16T14:08:39Z,Report: President Trump Moving Forward With His Plans to Impose China Tariffs,time,http://time.com/5397541/trump-plans-china-tariffs/
2018-09-19T19:43:37Z,‘This Is How Rats Work.’ Why Twitter’s Emphasis on Follower Counts Could Be Backfiring,time,http://time.com/5390750/twitter-follower-counts/
